run,position,methylated,unmethylated,pct_meth,coverage,context,sample,treatment
SRR6995993,1,68496,70982,49.11,139478,CpG,HB16,oil
SRR6995993,2,69607,69442,50.06,139049,CpG,HB16,oil
SRR6995993,3,73005,69804,51.12,142809,CpG,HB16,oil
SRR6995993,4,78606,72997,51.85,151603,CpG,HB16,oil
SRR6995993,5,76412,75236,50.39,151648,CpG,HB16,oil
SRR6995993,6,79667,69880,53.27,149547,CpG,HB16,oil
SRR6995993,7,79820,70248,53.19,150068,CpG,HB16,oil
SRR6995993,8,81571,69746,53.91,151317,CpG,HB16,oil
SRR6995993,9,87100,67310,56.41,154410,CpG,HB16,oil
SRR6995993,10,82578,68805,54.55,151383,CpG,HB16,oil
SRR6995993,11,80889,68870,54.01,149759,CpG,HB16,oil
SRR6995993,12,82435,69907,54.11,152342,CpG,HB16,oil
SRR6995993,13,83808,77291,52.02,161099,CpG,HB16,oil
SRR6995993,14,82071,69991,53.97,152062,CpG,HB16,oil
SRR6995993,15,85188,71647,54.32,156835,CpG,HB16,oil
SRR6995993,16,89242,80282,52.64,169524,CpG,HB16,oil
SRR6995993,17,86875,71615,54.81,158490,CpG,HB16,oil
SRR6995993,18,87211,71689,54.88,158900,CpG,HB16,oil
SRR6995993,19,88861,74771,54.31,163632,CpG,HB16,oil
SRR6995993,20,87039,71829,54.79,158868,CpG,HB16,oil
SRR6995993,21,86230,69920,55.22,156150,CpG,HB16,oil
SRR6995993,22,88337,73074,54.73,161411,CpG,HB16,oil
SRR6995993,23,88390,73261,54.68,161651,CpG,HB16,oil
SRR6995993,24,88763,71898,55.25,160661,CpG,HB16,oil
SRR6995993,25,89334,73997,54.7,163331,CpG,HB16,oil
SRR6995993,26,88019,72542,54.82,160561,CpG,HB16,oil
SRR6995993,27,89258,73322,54.9,162580,CpG,HB16,oil
SRR6995993,28,90777,73899,55.12,164676,CpG,HB16,oil
SRR6995993,29,88664,72099,55.15,160763,CpG,HB16,oil
SRR6995993,30,88508,72042,55.13,160550,CpG,HB16,oil
SRR6995993,31,89225,74858,54.38,164083,CpG,HB16,oil
SRR6995993,32,87499,72802,54.58,160301,CpG,HB16,oil
SRR6995993,33,87016,70696,55.17,157712,CpG,HB16,oil
SRR6995993,34,90013,73201,55.15,163214,CpG,HB16,oil
SRR6995993,35,88221,72284,54.96,160505,CpG,HB16,oil
SRR6995993,36,88025,71091,55.32,159116,CpG,HB16,oil
SRR6995993,37,89117,72619,55.1,161736,CpG,HB16,oil
SRR6995993,38,87541,71900,54.9,159441,CpG,HB16,oil
SRR6995993,39,88062,71711,55.12,159773,CpG,HB16,oil
SRR6995993,40,88594,73086,54.8,161680,CpG,HB16,oil
SRR6995993,41,86977,71758,54.79,158735,CpG,HB16,oil
SRR6995993,42,86505,70657,55.04,157162,CpG,HB16,oil
SRR6995993,43,87420,72493,54.67,159913,CpG,HB16,oil
SRR6995993,44,86022,71526,54.6,157548,CpG,HB16,oil
SRR6995993,45,85644,70266,54.93,155910,CpG,HB16,oil
SRR6995993,46,86853,72541,54.49,159394,CpG,HB16,oil
SRR6995993,47,85664,70527,54.85,156191,CpG,HB16,oil
SRR6995993,48,84886,70211,54.73,155097,CpG,HB16,oil
SRR6995993,49,85646,71998,54.33,157644,CpG,HB16,oil
SRR6995993,50,83638,70714,54.19,154352,CpG,HB16,oil
SRR6995993,51,84113,68636,55.07,152749,CpG,HB16,oil
SRR6995993,52,84048,70919,54.24,154967,CpG,HB16,oil
SRR6995993,53,82791,70780,53.91,153571,CpG,HB16,oil
SRR6995993,54,82969,69924,54.27,152893,CpG,HB16,oil
SRR6995993,55,83124,70327,54.17,153451,CpG,HB16,oil
SRR6995993,56,81759,68380,54.46,150139,CpG,HB16,oil
SRR6995993,57,81720,68101,54.55,149821,CpG,HB16,oil
SRR6995993,58,81781,69254,54.15,151035,CpG,HB16,oil
SRR6995993,59,80592,68184,54.17,148776,CpG,HB16,oil
SRR6995993,60,80452,68733,53.93,149185,CpG,HB16,oil
SRR6995993,61,79748,69751,53.34,149499,CpG,HB16,oil
SRR6995993,62,77963,67889,53.45,145852,CpG,HB16,oil
SRR6995993,63,78222,67342,53.74,145564,CpG,HB16,oil
SRR6995993,64,78241,67558,53.66,145799,CpG,HB16,oil
SRR6995993,65,76961,67559,53.25,144520,CpG,HB16,oil
SRR6995993,66,77023,66158,53.79,143181,CpG,HB16,oil
SRR6995993,67,76497,67534,53.11,144031,CpG,HB16,oil
SRR6995993,68,75423,65447,53.54,140870,CpG,HB16,oil
SRR6995993,69,75022,65289,53.47,140311,CpG,HB16,oil
SRR6995993,70,74901,65761,53.25,140662,CpG,HB16,oil
SRR6995993,71,73312,64581,53.17,137893,CpG,HB16,oil
SRR6995993,72,72869,63474,53.45,136343,CpG,HB16,oil
SRR6995993,73,71641,64206,52.74,135847,CpG,HB16,oil
SRR6995993,74,70220,63901,52.36,134121,CpG,HB16,oil
SRR6995993,75,69713,62040,52.91,131753,CpG,HB16,oil
SRR6995993,76,68484,62992,52.09,131476,CpG,HB16,oil
SRR6995993,77,67546,61561,52.32,129107,CpG,HB16,oil
SRR6995993,78,66249,61796,51.74,128045,CpG,HB16,oil
SRR6995993,79,65537,61772,51.48,127309,CpG,HB16,oil
SRR6995993,80,64437,60355,51.64,124792,CpG,HB16,oil
SRR6995993,81,63045,59616,51.4,122661,CpG,HB16,oil
SRR6995993,82,61713,58672,51.26,120385,CpG,HB16,oil
SRR6995993,83,59610,57592,50.86,117202,CpG,HB16,oil
SRR6995993,84,58475,56512,50.85,114987,CpG,HB16,oil
SRR6995993,85,57364,55652,50.76,113016,CpG,HB16,oil
SRR6995993,86,54869,53560,50.6,108429,CpG,HB16,oil
SRR6995993,87,52371,52888,49.75,105259,CpG,HB16,oil
SRR6995993,88,47405,51314,48.02,98719,CpG,HB16,oil
SRR6995993,89,12791,14702,46.52,27493,CpG,HB16,oil
SRR6995993,1,4948,180064,2.67,185012,CHG,HB16,oil
SRR6995993,2,4012,185073,2.12,189085,CHG,HB16,oil
SRR6995993,3,3526,186493,1.86,190019,CHG,HB16,oil
SRR6995993,4,3638,179274,1.99,182912,CHG,HB16,oil
SRR6995993,5,3937,186012,2.07,189949,CHG,HB16,oil
SRR6995993,6,3498,193299,1.78,196797,CHG,HB16,oil
SRR6995993,7,3200,182665,1.72,185865,CHG,HB16,oil
SRR6995993,8,3599,186068,1.9,189667,CHG,HB16,oil
SRR6995993,9,4002,188257,2.08,192259,CHG,HB16,oil
SRR6995993,10,12661,186591,6.35,199252,CHG,HB16,oil
SRR6995993,11,3390,191351,1.74,194741,CHG,HB16,oil
SRR6995993,12,2417,191365,1.25,193782,CHG,HB16,oil
SRR6995993,13,2317,189991,1.2,192308,CHG,HB16,oil
SRR6995993,14,2563,200397,1.26,202960,CHG,HB16,oil
SRR6995993,15,2539,192570,1.3,195109,CHG,HB16,oil
SRR6995993,16,2524,190443,1.31,192967,CHG,HB16,oil
SRR6995993,17,2520,193128,1.29,195648,CHG,HB16,oil
SRR6995993,18,2383,192630,1.22,195013,CHG,HB16,oil
SRR6995993,19,2768,190017,1.44,192785,CHG,HB16,oil
SRR6995993,20,2482,195214,1.26,197696,CHG,HB16,oil
SRR6995993,21,2472,194530,1.25,197002,CHG,HB16,oil
SRR6995993,22,2583,199354,1.28,201937,CHG,HB16,oil
SRR6995993,23,2540,196414,1.28,198954,CHG,HB16,oil
SRR6995993,24,2459,197961,1.23,200420,CHG,HB16,oil
SRR6995993,25,2492,196099,1.25,198591,CHG,HB16,oil
SRR6995993,26,2538,197679,1.27,200217,CHG,HB16,oil
SRR6995993,27,2860,198194,1.42,201054,CHG,HB16,oil
SRR6995993,28,2610,193981,1.33,196591,CHG,HB16,oil
SRR6995993,29,2570,197188,1.29,199758,CHG,HB16,oil
SRR6995993,30,2490,194593,1.26,197083,CHG,HB16,oil
SRR6995993,31,2538,192037,1.3,194575,CHG,HB16,oil
SRR6995993,32,2619,196560,1.31,199179,CHG,HB16,oil
SRR6995993,33,2412,195519,1.22,197931,CHG,HB16,oil
SRR6995993,34,2409,192821,1.23,195230,CHG,HB16,oil
SRR6995993,35,2621,197740,1.31,200361,CHG,HB16,oil
SRR6995993,36,2387,196870,1.2,199257,CHG,HB16,oil
SRR6995993,37,2373,192010,1.22,194383,CHG,HB16,oil
SRR6995993,38,2552,195056,1.29,197608,CHG,HB16,oil
SRR6995993,39,2444,195205,1.24,197649,CHG,HB16,oil
SRR6995993,40,2426,191373,1.25,193799,CHG,HB16,oil
SRR6995993,41,2417,193237,1.24,195654,CHG,HB16,oil
SRR6995993,42,2306,190195,1.2,192501,CHG,HB16,oil
SRR6995993,43,2445,189258,1.28,191703,CHG,HB16,oil
SRR6995993,44,2464,192066,1.27,194530,CHG,HB16,oil
SRR6995993,45,2279,191580,1.18,193859,CHG,HB16,oil
SRR6995993,46,2368,188229,1.24,190597,CHG,HB16,oil
SRR6995993,47,2444,191903,1.26,194347,CHG,HB16,oil
SRR6995993,48,2291,190194,1.19,192485,CHG,HB16,oil
SRR6995993,49,2441,186989,1.29,189430,CHG,HB16,oil
SRR6995993,50,2561,189889,1.33,192450,CHG,HB16,oil
SRR6995993,51,2380,189725,1.24,192105,CHG,HB16,oil
SRR6995993,52,2397,186741,1.27,189138,CHG,HB16,oil
SRR6995993,53,2478,189876,1.29,192354,CHG,HB16,oil
SRR6995993,54,2411,187430,1.27,189841,CHG,HB16,oil
SRR6995993,55,2524,186168,1.34,188692,CHG,HB16,oil
SRR6995993,56,2456,187361,1.29,189817,CHG,HB16,oil
SRR6995993,57,2424,185687,1.29,188111,CHG,HB16,oil
SRR6995993,58,2455,182083,1.33,184538,CHG,HB16,oil
SRR6995993,59,2552,184870,1.36,187422,CHG,HB16,oil
SRR6995993,60,2351,182698,1.27,185049,CHG,HB16,oil
SRR6995993,61,2413,182949,1.3,185362,CHG,HB16,oil
SRR6995993,62,2429,183328,1.31,185757,CHG,HB16,oil
SRR6995993,63,2433,181523,1.32,183956,CHG,HB16,oil
SRR6995993,64,2481,180114,1.36,182595,CHG,HB16,oil
SRR6995993,65,2443,181288,1.33,183731,CHG,HB16,oil
SRR6995993,66,2347,179212,1.29,181559,CHG,HB16,oil
SRR6995993,67,2502,176167,1.4,178669,CHG,HB16,oil
SRR6995993,68,2433,175983,1.36,178416,CHG,HB16,oil
SRR6995993,69,2333,173400,1.33,175733,CHG,HB16,oil
SRR6995993,70,2320,170488,1.34,172808,CHG,HB16,oil
SRR6995993,71,2357,173484,1.34,175841,CHG,HB16,oil
SRR6995993,72,2386,170479,1.38,172865,CHG,HB16,oil
SRR6995993,73,2381,167972,1.4,170353,CHG,HB16,oil
SRR6995993,74,2384,168399,1.4,170783,CHG,HB16,oil
SRR6995993,75,2361,166125,1.4,168486,CHG,HB16,oil
SRR6995993,76,2357,162523,1.43,164880,CHG,HB16,oil
SRR6995993,77,2368,162468,1.44,164836,CHG,HB16,oil
SRR6995993,78,2333,159154,1.44,161487,CHG,HB16,oil
SRR6995993,79,2316,155242,1.47,157558,CHG,HB16,oil
SRR6995993,80,2248,155628,1.42,157876,CHG,HB16,oil
SRR6995993,81,2227,152450,1.44,154677,CHG,HB16,oil
SRR6995993,82,2295,150520,1.5,152815,CHG,HB16,oil
SRR6995993,83,2243,149243,1.48,151486,CHG,HB16,oil
SRR6995993,84,2177,145228,1.48,147405,CHG,HB16,oil
SRR6995993,85,2160,141883,1.5,144043,CHG,HB16,oil
SRR6995993,86,2170,140943,1.52,143113,CHG,HB16,oil
SRR6995993,87,2104,135655,1.53,137759,CHG,HB16,oil
SRR6995993,88,1805,124550,1.43,126355,CHG,HB16,oil
SRR6995993,89,333,33454,0.99,33787,CHG,HB16,oil
SRR6995993,1,6215,391509,1.56,397724,CHH,HB16,oil
SRR6995993,2,6353,382802,1.63,389155,CHH,HB16,oil
SRR6995993,3,5481,393311,1.37,398792,CHH,HB16,oil
SRR6995993,4,6182,388481,1.57,394663,CHH,HB16,oil
SRR6995993,5,6185,391548,1.56,397733,CHH,HB16,oil
SRR6995993,6,5997,398383,1.48,404380,CHH,HB16,oil
SRR6995993,7,5805,406510,1.41,412315,CHH,HB16,oil
SRR6995993,8,5260,393827,1.32,399087,CHH,HB16,oil
SRR6995993,9,7468,395200,1.85,402668,CHH,HB16,oil
SRR6995993,10,7350,391694,1.84,399044,CHH,HB16,oil
SRR6995993,11,12433,387392,3.11,399825,CHH,HB16,oil
SRR6995993,12,4308,395528,1.08,399836,CHH,HB16,oil
SRR6995993,13,4195,393710,1.05,397905,CHH,HB16,oil
SRR6995993,14,4036,383902,1.04,387938,CHH,HB16,oil
SRR6995993,15,4221,386726,1.08,390947,CHH,HB16,oil
SRR6995993,16,4260,388139,1.09,392399,CHH,HB16,oil
SRR6995993,17,4023,381858,1.04,385881,CHH,HB16,oil
SRR6995993,18,3936,392134,0.99,396070,CHH,HB16,oil
SRR6995993,19,4506,382445,1.16,386951,CHH,HB16,oil
SRR6995993,20,4030,375429,1.06,379459,CHH,HB16,oil
SRR6995993,21,4199,378968,1.1,383167,CHH,HB16,oil
SRR6995993,22,4452,383526,1.15,387978,CHH,HB16,oil
SRR6995993,23,4129,381820,1.07,385949,CHH,HB16,oil
SRR6995993,24,4096,388508,1.04,392604,CHH,HB16,oil
SRR6995993,25,4213,387428,1.08,391641,CHH,HB16,oil
SRR6995993,26,4168,381611,1.08,385779,CHH,HB16,oil
SRR6995993,27,4983,383119,1.28,388102,CHH,HB16,oil
SRR6995993,28,4157,382661,1.07,386818,CHH,HB16,oil
SRR6995993,29,4203,378796,1.1,382999,CHH,HB16,oil
SRR6995993,30,3864,379936,1.01,383800,CHH,HB16,oil
SRR6995993,31,4076,380344,1.06,384420,CHH,HB16,oil
SRR6995993,32,4170,376749,1.09,380919,CHH,HB16,oil
SRR6995993,33,3932,380432,1.02,384364,CHH,HB16,oil
SRR6995993,34,4042,380736,1.05,384778,CHH,HB16,oil
SRR6995993,35,4156,372821,1.1,376977,CHH,HB16,oil
SRR6995993,36,3913,377519,1.03,381432,CHH,HB16,oil
SRR6995993,37,4094,374575,1.08,378669,CHH,HB16,oil
SRR6995993,38,4032,371686,1.07,375718,CHH,HB16,oil
SRR6995993,39,4042,379918,1.05,383960,CHH,HB16,oil
SRR6995993,40,3987,381473,1.03,385460,CHH,HB16,oil
SRR6995993,41,4013,377575,1.05,381588,CHH,HB16,oil
SRR6995993,42,3995,380852,1.04,384847,CHH,HB16,oil
SRR6995993,43,4109,379514,1.07,383623,CHH,HB16,oil
SRR6995993,44,3979,375417,1.05,379396,CHH,HB16,oil
SRR6995993,45,4132,375606,1.09,379738,CHH,HB16,oil
SRR6995993,46,4169,375086,1.1,379255,CHH,HB16,oil
SRR6995993,47,4167,368006,1.12,372173,CHH,HB16,oil
SRR6995993,48,4108,373269,1.09,377377,CHH,HB16,oil
SRR6995993,49,4286,372912,1.14,377198,CHH,HB16,oil
SRR6995993,50,4348,368890,1.16,373238,CHH,HB16,oil
SRR6995993,51,4187,374398,1.11,378585,CHH,HB16,oil
SRR6995993,52,4368,373777,1.16,378145,CHH,HB16,oil
SRR6995993,53,4515,368786,1.21,373301,CHH,HB16,oil
SRR6995993,54,4449,374044,1.18,378493,CHH,HB16,oil
SRR6995993,55,4603,371940,1.22,376543,CHH,HB16,oil
SRR6995993,56,4517,368474,1.21,372991,CHH,HB16,oil
SRR6995993,57,4542,371845,1.21,376387,CHH,HB16,oil
SRR6995993,58,4619,374175,1.22,378794,CHH,HB16,oil
SRR6995993,59,4748,369248,1.27,373996,CHH,HB16,oil
SRR6995993,60,4590,371651,1.22,376241,CHH,HB16,oil
SRR6995993,61,4855,370919,1.29,375774,CHH,HB16,oil
SRR6995993,62,4718,364712,1.28,369430,CHH,HB16,oil
SRR6995993,63,4743,365348,1.28,370091,CHH,HB16,oil
SRR6995993,64,4748,361947,1.29,366695,CHH,HB16,oil
SRR6995993,65,4739,357894,1.31,362633,CHH,HB16,oil
SRR6995993,66,4844,357962,1.34,362806,CHH,HB16,oil
SRR6995993,67,4828,357682,1.33,362510,CHH,HB16,oil
SRR6995993,68,4713,352598,1.32,357311,CHH,HB16,oil
SRR6995993,69,4752,353022,1.33,357774,CHH,HB16,oil
SRR6995993,70,4986,352973,1.39,357959,CHH,HB16,oil
SRR6995993,71,4628,346677,1.32,351305,CHH,HB16,oil
SRR6995993,72,4759,346561,1.35,351320,CHH,HB16,oil
SRR6995993,73,4736,346278,1.35,351014,CHH,HB16,oil
SRR6995993,74,4730,341271,1.37,346001,CHH,HB16,oil
SRR6995993,75,4711,339577,1.37,344288,CHH,HB16,oil
SRR6995993,76,4796,338051,1.4,342847,CHH,HB16,oil
SRR6995993,77,4707,331665,1.4,336372,CHH,HB16,oil
SRR6995993,78,4538,329855,1.36,334393,CHH,HB16,oil
SRR6995993,79,4575,325461,1.39,330036,CHH,HB16,oil
SRR6995993,80,4621,317990,1.43,322611,CHH,HB16,oil
SRR6995993,81,4524,315888,1.41,320412,CHH,HB16,oil
SRR6995993,82,4665,312463,1.47,317128,CHH,HB16,oil
SRR6995993,83,4310,305609,1.39,309919,CHH,HB16,oil
SRR6995993,84,4255,305190,1.38,309445,CHH,HB16,oil
SRR6995993,85,4296,301208,1.41,305504,CHH,HB16,oil
SRR6995993,86,4251,292908,1.43,297159,CHH,HB16,oil
SRR6995993,87,4079,288389,1.39,292468,CHH,HB16,oil
SRR6995993,88,3643,272397,1.32,276040,CHH,HB16,oil
SRR6995993,89,1137,79264,1.41,80401,CHH,HB16,oil
SRR6995994,1,7335,2502,74.57,9837,CpG,HB30,oil
SRR6995994,2,7561,2442,75.59,10003,CpG,HB30,oil
SRR6995994,3,8126,2456,76.79,10582,CpG,HB30,oil
SRR6995994,4,8656,2689,76.3,11345,CpG,HB30,oil
SRR6995994,5,8117,2358,77.49,10475,CpG,HB30,oil
SRR6995994,6,9147,2384,79.33,11531,CpG,HB30,oil
SRR6995994,7,8964,2491,78.25,11455,CpG,HB30,oil
SRR6995994,8,8925,2559,77.72,11484,CpG,HB30,oil
SRR6995994,9,8644,2433,78.04,11077,CpG,HB30,oil
SRR6995994,10,9096,2476,78.6,11572,CpG,HB30,oil
SRR6995994,11,8728,2410,78.36,11138,CpG,HB30,oil
SRR6995994,12,8754,2481,77.92,11235,CpG,HB30,oil
SRR6995994,13,9438,2674,77.92,12112,CpG,HB30,oil
SRR6995994,14,8738,2417,78.33,11155,CpG,HB30,oil
SRR6995994,15,8816,2377,78.76,11193,CpG,HB30,oil
SRR6995994,16,9496,2714,77.77,12210,CpG,HB30,oil
SRR6995994,17,9253,2335,79.85,11588,CpG,HB30,oil
SRR6995994,18,9185,2392,79.34,11577,CpG,HB30,oil
SRR6995994,19,9243,2541,78.44,11784,CpG,HB30,oil
SRR6995994,20,9295,2601,78.14,11896,CpG,HB30,oil
SRR6995994,21,9206,2254,80.33,11460,CpG,HB30,oil
SRR6995994,22,9464,2481,79.23,11945,CpG,HB30,oil
SRR6995994,23,9207,2404,79.3,11611,CpG,HB30,oil
SRR6995994,24,9532,2464,79.46,11996,CpG,HB30,oil
SRR6995994,25,9364,2433,79.38,11797,CpG,HB30,oil
SRR6995994,26,9150,2306,79.87,11456,CpG,HB30,oil
SRR6995994,27,8937,2431,78.62,11368,CpG,HB30,oil
SRR6995994,28,9382,2480,79.09,11862,CpG,HB30,oil
SRR6995994,29,9111,2263,80.1,11374,CpG,HB30,oil
SRR6995994,30,8927,2302,79.5,11229,CpG,HB30,oil
SRR6995994,31,9159,2466,78.79,11625,CpG,HB30,oil
SRR6995994,32,9093,2323,79.65,11416,CpG,HB30,oil
SRR6995994,33,8827,2183,80.17,11010,CpG,HB30,oil
SRR6995994,34,9147,2389,79.29,11536,CpG,HB30,oil
SRR6995994,35,8944,2370,79.05,11314,CpG,HB30,oil
SRR6995994,36,8956,2245,79.96,11201,CpG,HB30,oil
SRR6995994,37,8985,2357,79.22,11342,CpG,HB30,oil
SRR6995994,38,8592,2202,79.6,10794,CpG,HB30,oil
SRR6995994,39,8848,2259,79.66,11107,CpG,HB30,oil
SRR6995994,40,8834,2241,79.77,11075,CpG,HB30,oil
SRR6995994,41,8388,2287,78.58,10675,CpG,HB30,oil
SRR6995994,42,8302,2227,78.85,10529,CpG,HB30,oil
SRR6995994,43,8487,2313,78.58,10800,CpG,HB30,oil
SRR6995994,44,8250,2185,79.06,10435,CpG,HB30,oil
SRR6995994,45,7921,2075,79.24,9996,CpG,HB30,oil
SRR6995994,46,8302,2234,78.8,10536,CpG,HB30,oil
SRR6995994,47,8025,2219,78.34,10244,CpG,HB30,oil
SRR6995994,48,8042,2037,79.79,10079,CpG,HB30,oil
SRR6995994,49,7802,2138,78.49,9940,CpG,HB30,oil
SRR6995994,50,7763,2127,78.49,9890,CpG,HB30,oil
SRR6995994,51,7513,1985,79.1,9498,CpG,HB30,oil
SRR6995994,52,7449,2099,78.02,9548,CpG,HB30,oil
SRR6995994,53,7321,2075,77.92,9396,CpG,HB30,oil
SRR6995994,54,7122,2017,77.93,9139,CpG,HB30,oil
SRR6995994,55,7234,2118,77.35,9352,CpG,HB30,oil
SRR6995994,56,6637,1906,77.69,8543,CpG,HB30,oil
SRR6995994,57,6923,1910,78.38,8833,CpG,HB30,oil
SRR6995994,58,6852,1925,78.07,8777,CpG,HB30,oil
SRR6995994,59,6662,1894,77.86,8556,CpG,HB30,oil
SRR6995994,60,6460,1844,77.79,8304,CpG,HB30,oil
SRR6995994,61,6649,1913,77.66,8562,CpG,HB30,oil
SRR6995994,62,6127,1830,77,7957,CpG,HB30,oil
SRR6995994,63,6091,1715,78.03,7806,CpG,HB30,oil
SRR6995994,64,6171,1743,77.98,7914,CpG,HB30,oil
SRR6995994,65,5962,1629,78.54,7591,CpG,HB30,oil
SRR6995994,66,5714,1594,78.19,7308,CpG,HB30,oil
SRR6995994,67,5576,1661,77.05,7237,CpG,HB30,oil
SRR6995994,68,5347,1507,78.01,6854,CpG,HB30,oil
SRR6995994,69,5262,1488,77.96,6750,CpG,HB30,oil
SRR6995994,70,5230,1536,77.3,6766,CpG,HB30,oil
SRR6995994,71,4996,1497,76.94,6493,CpG,HB30,oil
SRR6995994,72,4962,1361,78.48,6323,CpG,HB30,oil
SRR6995994,73,4728,1380,77.41,6108,CpG,HB30,oil
SRR6995994,74,4608,1347,77.38,5955,CpG,HB30,oil
SRR6995994,75,4555,1329,77.41,5884,CpG,HB30,oil
SRR6995994,76,4265,1312,76.47,5577,CpG,HB30,oil
SRR6995994,77,4018,1235,76.49,5253,CpG,HB30,oil
SRR6995994,78,3916,1172,76.97,5088,CpG,HB30,oil
SRR6995994,79,3751,1184,76.01,4935,CpG,HB30,oil
SRR6995994,80,3568,1100,76.44,4668,CpG,HB30,oil
SRR6995994,81,3510,1030,77.31,4540,CpG,HB30,oil
SRR6995994,82,3386,1041,76.49,4427,CpG,HB30,oil
SRR6995994,83,3089,1010,75.36,4099,CpG,HB30,oil
SRR6995994,84,2881,959,75.03,3840,CpG,HB30,oil
SRR6995994,85,2904,905,76.24,3809,CpG,HB30,oil
SRR6995994,86,2568,867,74.76,3435,CpG,HB30,oil
SRR6995994,87,2365,844,73.7,3209,CpG,HB30,oil
SRR6995994,88,2061,789,72.32,2850,CpG,HB30,oil
SRR6995994,89,878,313,73.72,1191,CpG,HB30,oil
SRR6995994,1,262,9899,2.58,10161,CHG,HB30,oil
SRR6995994,2,236,10265,2.25,10501,CHG,HB30,oil
SRR6995994,3,241,10583,2.23,10824,CHG,HB30,oil
SRR6995994,4,265,9924,2.6,10189,CHG,HB30,oil
SRR6995994,5,273,10327,2.58,10600,CHG,HB30,oil
SRR6995994,6,229,10428,2.15,10657,CHG,HB30,oil
SRR6995994,7,241,10337,2.28,10578,CHG,HB30,oil
SRR6995994,8,271,10624,2.49,10895,CHG,HB30,oil
SRR6995994,9,215,10508,2.01,10723,CHG,HB30,oil
SRR6995994,10,342,10347,3.2,10689,CHG,HB30,oil
SRR6995994,11,245,10703,2.24,10948,CHG,HB30,oil
SRR6995994,12,228,10758,2.08,10986,CHG,HB30,oil
SRR6995994,13,199,10565,1.85,10764,CHG,HB30,oil
SRR6995994,14,238,10798,2.16,11036,CHG,HB30,oil
SRR6995994,15,211,10604,1.95,10815,CHG,HB30,oil
SRR6995994,16,227,10381,2.14,10608,CHG,HB30,oil
SRR6995994,17,250,10682,2.29,10932,CHG,HB30,oil
SRR6995994,18,197,10395,1.86,10592,CHG,HB30,oil
SRR6995994,19,226,10652,2.08,10878,CHG,HB30,oil
SRR6995994,20,244,10627,2.24,10871,CHG,HB30,oil
SRR6995994,21,207,10312,1.97,10519,CHG,HB30,oil
SRR6995994,22,234,10264,2.23,10498,CHG,HB30,oil
SRR6995994,23,277,10532,2.56,10809,CHG,HB30,oil
SRR6995994,24,218,10760,1.99,10978,CHG,HB30,oil
SRR6995994,25,204,10307,1.94,10511,CHG,HB30,oil
SRR6995994,26,234,10537,2.17,10771,CHG,HB30,oil
SRR6995994,27,257,10704,2.34,10961,CHG,HB30,oil
SRR6995994,28,226,10367,2.13,10593,CHG,HB30,oil
SRR6995994,29,211,10812,1.91,11023,CHG,HB30,oil
SRR6995994,30,194,10443,1.82,10637,CHG,HB30,oil
SRR6995994,31,227,10433,2.13,10660,CHG,HB30,oil
SRR6995994,32,250,10586,2.31,10836,CHG,HB30,oil
SRR6995994,33,189,10498,1.77,10687,CHG,HB30,oil
SRR6995994,34,206,10223,1.98,10429,CHG,HB30,oil
SRR6995994,35,257,10680,2.35,10937,CHG,HB30,oil
SRR6995994,36,224,10385,2.11,10609,CHG,HB30,oil
SRR6995994,37,192,9865,1.91,10057,CHG,HB30,oil
SRR6995994,38,209,10327,1.98,10536,CHG,HB30,oil
SRR6995994,39,198,10256,1.89,10454,CHG,HB30,oil
SRR6995994,40,183,10076,1.78,10259,CHG,HB30,oil
SRR6995994,41,172,10148,1.67,10320,CHG,HB30,oil
SRR6995994,42,197,9997,1.93,10194,CHG,HB30,oil
SRR6995994,43,208,9759,2.09,9967,CHG,HB30,oil
SRR6995994,44,223,9995,2.18,10218,CHG,HB30,oil
SRR6995994,45,180,9888,1.79,10068,CHG,HB30,oil
SRR6995994,46,194,9643,1.97,9837,CHG,HB30,oil
SRR6995994,47,189,9864,1.88,10053,CHG,HB30,oil
SRR6995994,48,185,9843,1.84,10028,CHG,HB30,oil
SRR6995994,49,185,9274,1.96,9459,CHG,HB30,oil
SRR6995994,50,189,9539,1.94,9728,CHG,HB30,oil
SRR6995994,51,170,9605,1.74,9775,CHG,HB30,oil
SRR6995994,52,199,9103,2.14,9302,CHG,HB30,oil
SRR6995994,53,223,9171,2.37,9394,CHG,HB30,oil
SRR6995994,54,190,9039,2.06,9229,CHG,HB30,oil
SRR6995994,55,183,8966,2,9149,CHG,HB30,oil
SRR6995994,56,188,8924,2.06,9112,CHG,HB30,oil
SRR6995994,57,153,8614,1.75,8767,CHG,HB30,oil
SRR6995994,58,176,8457,2.04,8633,CHG,HB30,oil
SRR6995994,59,168,8406,1.96,8574,CHG,HB30,oil
SRR6995994,60,155,8244,1.85,8399,CHG,HB30,oil
SRR6995994,61,160,8080,1.94,8240,CHG,HB30,oil
SRR6995994,62,164,7877,2.04,8041,CHG,HB30,oil
SRR6995994,63,136,7799,1.71,7935,CHG,HB30,oil
SRR6995994,64,153,7516,2,7669,CHG,HB30,oil
SRR6995994,65,138,7556,1.79,7694,CHG,HB30,oil
SRR6995994,66,136,7261,1.84,7397,CHG,HB30,oil
SRR6995994,67,137,6974,1.93,7111,CHG,HB30,oil
SRR6995994,68,145,6949,2.04,7094,CHG,HB30,oil
SRR6995994,69,147,6763,2.13,6910,CHG,HB30,oil
SRR6995994,70,128,6318,1.99,6446,CHG,HB30,oil
SRR6995994,71,134,6278,2.09,6412,CHG,HB30,oil
SRR6995994,72,130,6022,2.11,6152,CHG,HB30,oil
SRR6995994,73,134,5790,2.26,5924,CHG,HB30,oil
SRR6995994,74,124,5748,2.11,5872,CHG,HB30,oil
SRR6995994,75,109,5521,1.94,5630,CHG,HB30,oil
SRR6995994,76,104,5356,1.9,5460,CHG,HB30,oil
SRR6995994,77,111,5097,2.13,5208,CHG,HB30,oil
SRR6995994,78,112,4816,2.27,4928,CHG,HB30,oil
SRR6995994,79,118,4648,2.48,4766,CHG,HB30,oil
SRR6995994,80,108,4526,2.33,4634,CHG,HB30,oil
SRR6995994,81,72,4209,1.68,4281,CHG,HB30,oil
SRR6995994,82,85,3989,2.09,4074,CHG,HB30,oil
SRR6995994,83,93,3991,2.28,4084,CHG,HB30,oil
SRR6995994,84,84,3817,2.15,3901,CHG,HB30,oil
SRR6995994,85,73,3360,2.13,3433,CHG,HB30,oil
SRR6995994,86,88,3353,2.56,3441,CHG,HB30,oil
SRR6995994,87,77,3009,2.5,3086,CHG,HB30,oil
SRR6995994,88,54,2487,2.13,2541,CHG,HB30,oil
SRR6995994,89,6,674,0.88,680,CHG,HB30,oil
SRR6995994,1,331,14312,2.26,14643,CHH,HB30,oil
SRR6995994,2,373,13702,2.65,14075,CHH,HB30,oil
SRR6995994,3,333,13759,2.36,14092,CHH,HB30,oil
SRR6995994,4,388,13942,2.71,14330,CHH,HB30,oil
SRR6995994,5,365,13602,2.61,13967,CHH,HB30,oil
SRR6995994,6,346,13595,2.48,13941,CHH,HB30,oil
SRR6995994,7,360,13869,2.53,14229,CHH,HB30,oil
SRR6995994,8,332,13705,2.37,14037,CHH,HB30,oil
SRR6995994,9,317,13956,2.22,14273,CHH,HB30,oil
SRR6995994,10,353,13831,2.49,14184,CHH,HB30,oil
SRR6995994,11,431,13325,3.13,13756,CHH,HB30,oil
SRR6995994,12,286,13718,2.04,14004,CHH,HB30,oil
SRR6995994,13,309,13780,2.19,14089,CHH,HB30,oil
SRR6995994,14,330,13181,2.44,13511,CHH,HB30,oil
SRR6995994,15,331,13754,2.35,14085,CHH,HB30,oil
SRR6995994,16,351,13839,2.47,14190,CHH,HB30,oil
SRR6995994,17,334,13333,2.44,13667,CHH,HB30,oil
SRR6995994,18,312,13603,2.24,13915,CHH,HB30,oil
SRR6995994,19,304,13747,2.16,14051,CHH,HB30,oil
SRR6995994,20,336,13349,2.46,13685,CHH,HB30,oil
SRR6995994,21,294,13414,2.14,13708,CHH,HB30,oil
SRR6995994,22,316,13715,2.25,14031,CHH,HB30,oil
SRR6995994,23,293,13434,2.13,13727,CHH,HB30,oil
SRR6995994,24,283,13746,2.02,14029,CHH,HB30,oil
SRR6995994,25,307,13577,2.21,13884,CHH,HB30,oil
SRR6995994,26,292,13027,2.19,13319,CHH,HB30,oil
SRR6995994,27,318,13423,2.31,13741,CHH,HB30,oil
SRR6995994,28,328,13499,2.37,13827,CHH,HB30,oil
SRR6995994,29,273,13228,2.02,13501,CHH,HB30,oil
SRR6995994,30,261,13262,1.93,13523,CHH,HB30,oil
SRR6995994,31,290,13414,2.12,13704,CHH,HB30,oil
SRR6995994,32,293,12912,2.22,13205,CHH,HB30,oil
SRR6995994,33,247,13110,1.85,13357,CHH,HB30,oil
SRR6995994,34,304,13271,2.24,13575,CHH,HB30,oil
SRR6995994,35,282,12845,2.15,13127,CHH,HB30,oil
SRR6995994,36,258,13158,1.92,13416,CHH,HB30,oil
SRR6995994,37,293,13240,2.17,13533,CHH,HB30,oil
SRR6995994,38,282,13050,2.12,13332,CHH,HB30,oil
SRR6995994,39,258,13185,1.92,13443,CHH,HB30,oil
SRR6995994,40,260,13165,1.94,13425,CHH,HB30,oil
SRR6995994,41,305,12901,2.31,13206,CHH,HB30,oil
SRR6995994,42,271,13124,2.02,13395,CHH,HB30,oil
SRR6995994,43,307,13171,2.28,13478,CHH,HB30,oil
SRR6995994,44,263,12761,2.02,13024,CHH,HB30,oil
SRR6995994,45,285,12855,2.17,13140,CHH,HB30,oil
SRR6995994,46,304,12981,2.29,13285,CHH,HB30,oil
SRR6995994,47,321,12350,2.53,12671,CHH,HB30,oil
SRR6995994,48,236,12690,1.83,12926,CHH,HB30,oil
SRR6995994,49,271,12781,2.08,13052,CHH,HB30,oil
SRR6995994,50,286,12326,2.27,12612,CHH,HB30,oil
SRR6995994,51,284,12585,2.21,12869,CHH,HB30,oil
SRR6995994,52,261,12542,2.04,12803,CHH,HB30,oil
SRR6995994,53,268,11737,2.23,12005,CHH,HB30,oil
SRR6995994,54,261,11958,2.14,12219,CHH,HB30,oil
SRR6995994,55,249,11990,2.03,12239,CHH,HB30,oil
SRR6995994,56,244,11601,2.06,11845,CHH,HB30,oil
SRR6995994,57,257,11614,2.16,11871,CHH,HB30,oil
SRR6995994,58,243,11446,2.08,11689,CHH,HB30,oil
SRR6995994,59,268,11181,2.34,11449,CHH,HB30,oil
SRR6995994,60,246,11117,2.16,11363,CHH,HB30,oil
SRR6995994,61,249,11010,2.21,11259,CHH,HB30,oil
SRR6995994,62,249,10629,2.29,10878,CHH,HB30,oil
SRR6995994,63,230,10468,2.15,10698,CHH,HB30,oil
SRR6995994,64,233,10368,2.2,10601,CHH,HB30,oil
SRR6995994,65,218,9849,2.17,10067,CHH,HB30,oil
SRR6995994,66,209,9785,2.09,9994,CHH,HB30,oil
SRR6995994,67,204,9514,2.1,9718,CHH,HB30,oil
SRR6995994,68,230,9143,2.45,9373,CHH,HB30,oil
SRR6995994,69,208,9064,2.24,9272,CHH,HB30,oil
SRR6995994,70,182,8847,2.02,9029,CHH,HB30,oil
SRR6995994,71,185,8374,2.16,8559,CHH,HB30,oil
SRR6995994,72,179,8276,2.12,8455,CHH,HB30,oil
SRR6995994,73,175,8133,2.11,8308,CHH,HB30,oil
SRR6995994,74,196,7436,2.57,7632,CHH,HB30,oil
SRR6995994,75,151,7354,2.01,7505,CHH,HB30,oil
SRR6995994,76,157,7038,2.18,7195,CHH,HB30,oil
SRR6995994,77,144,6772,2.08,6916,CHH,HB30,oil
SRR6995994,78,135,6770,1.96,6905,CHH,HB30,oil
SRR6995994,79,128,6445,1.95,6573,CHH,HB30,oil
SRR6995994,80,147,6067,2.37,6214,CHH,HB30,oil
SRR6995994,81,126,5682,2.17,5808,CHH,HB30,oil
SRR6995994,82,133,5624,2.31,5757,CHH,HB30,oil
SRR6995994,83,122,5289,2.25,5411,CHH,HB30,oil
SRR6995994,84,98,5070,1.9,5168,CHH,HB30,oil
SRR6995994,85,113,4958,2.23,5071,CHH,HB30,oil
SRR6995994,86,105,4599,2.23,4704,CHH,HB30,oil
SRR6995994,87,93,4241,2.15,4334,CHH,HB30,oil
SRR6995994,88,67,3633,1.81,3700,CHH,HB30,oil
SRR6995994,89,31,1224,2.47,1255,CHH,HB30,oil
SRR6995995,1,81247,86553,48.42,167800,CpG,NB11,control
SRR6995995,2,82902,85198,49.32,168100,CpG,NB11,control
SRR6995995,3,86605,85178,50.42,171783,CpG,NB11,control
SRR6995995,4,93564,89630,51.07,183194,CpG,NB11,control
SRR6995995,5,90675,92641,49.46,183316,CpG,NB11,control
SRR6995995,6,94082,85750,52.32,179832,CpG,NB11,control
SRR6995995,7,94808,86415,52.32,181223,CpG,NB11,control
SRR6995995,8,97231,86218,53,183449,CpG,NB11,control
SRR6995995,9,104172,83052,55.64,187224,CpG,NB11,control
SRR6995995,10,97369,84927,53.41,182296,CpG,NB11,control
SRR6995995,11,96477,84600,53.28,181077,CpG,NB11,control
SRR6995995,12,97367,85899,53.13,183266,CpG,NB11,control
SRR6995995,13,99692,94976,51.21,194668,CpG,NB11,control
SRR6995995,14,97586,85202,53.39,182788,CpG,NB11,control
SRR6995995,15,100382,87915,53.31,188297,CpG,NB11,control
SRR6995995,16,105461,98498,51.71,203959,CpG,NB11,control
SRR6995995,17,101872,87329,53.84,189201,CpG,NB11,control
SRR6995995,18,103299,87943,54.01,191242,CpG,NB11,control
SRR6995995,19,105154,91749,53.4,196903,CpG,NB11,control
SRR6995995,20,104052,87862,54.22,191914,CpG,NB11,control
SRR6995995,21,102523,85905,54.41,188428,CpG,NB11,control
SRR6995995,22,104500,90003,53.73,194503,CpG,NB11,control
SRR6995995,23,104673,89834,53.81,194507,CpG,NB11,control
SRR6995995,24,105750,88425,54.46,194175,CpG,NB11,control
SRR6995995,25,105639,90710,53.8,196349,CpG,NB11,control
SRR6995995,26,104092,89633,53.73,193725,CpG,NB11,control
SRR6995995,27,105702,89821,54.06,195523,CpG,NB11,control
SRR6995995,28,107143,90681,54.16,197824,CpG,NB11,control
SRR6995995,29,104727,87766,54.41,192493,CpG,NB11,control
SRR6995995,30,104609,88540,54.16,193149,CpG,NB11,control
SRR6995995,31,106224,90987,53.86,197211,CpG,NB11,control
SRR6995995,32,103301,89013,53.71,192314,CpG,NB11,control
SRR6995995,33,103104,86964,54.25,190068,CpG,NB11,control
SRR6995995,34,105945,89444,54.22,195389,CpG,NB11,control
SRR6995995,35,104788,89177,54.02,193965,CpG,NB11,control
SRR6995995,36,104713,87601,54.45,192314,CpG,NB11,control
SRR6995995,37,105056,88892,54.17,193948,CpG,NB11,control
SRR6995995,38,103211,88494,53.84,191705,CpG,NB11,control
SRR6995995,39,104489,87617,54.39,192106,CpG,NB11,control
SRR6995995,40,104679,89946,53.78,194625,CpG,NB11,control
SRR6995995,41,102249,87518,53.88,189767,CpG,NB11,control
SRR6995995,42,102341,86488,54.2,188829,CpG,NB11,control
SRR6995995,43,102628,88027,53.83,190655,CpG,NB11,control
SRR6995995,44,101440,87372,53.73,188812,CpG,NB11,control
SRR6995995,45,100732,86060,53.93,186792,CpG,NB11,control
SRR6995995,46,101332,87829,53.57,189161,CpG,NB11,control
SRR6995995,47,100538,86594,53.73,187132,CpG,NB11,control
SRR6995995,48,100943,86053,53.98,186996,CpG,NB11,control
SRR6995995,49,100835,87810,53.45,188645,CpG,NB11,control
SRR6995995,50,98212,86197,53.26,184409,CpG,NB11,control
SRR6995995,51,98666,85011,53.72,183677,CpG,NB11,control
SRR6995995,52,98602,86420,53.29,185022,CpG,NB11,control
SRR6995995,53,98262,86333,53.23,184595,CpG,NB11,control
SRR6995995,54,97385,85603,53.22,182988,CpG,NB11,control
SRR6995995,55,97849,86295,53.14,184144,CpG,NB11,control
SRR6995995,56,96216,84126,53.35,180342,CpG,NB11,control
SRR6995995,57,96059,83461,53.51,179520,CpG,NB11,control
SRR6995995,58,95913,85077,52.99,180990,CpG,NB11,control
SRR6995995,59,94386,82997,53.21,177383,CpG,NB11,control
SRR6995995,60,94469,84457,52.8,178926,CpG,NB11,control
SRR6995995,61,93947,85046,52.49,178993,CpG,NB11,control
SRR6995995,62,92408,83432,52.55,175840,CpG,NB11,control
SRR6995995,63,91917,82408,52.73,174325,CpG,NB11,control
SRR6995995,64,91676,83159,52.44,174835,CpG,NB11,control
SRR6995995,65,90376,82360,52.32,172736,CpG,NB11,control
SRR6995995,66,90515,81268,52.69,171783,CpG,NB11,control
SRR6995995,67,90505,82577,52.29,173082,CpG,NB11,control
SRR6995995,68,88549,79959,52.55,168508,CpG,NB11,control
SRR6995995,69,88372,80072,52.46,168444,CpG,NB11,control
SRR6995995,70,87912,80947,52.06,168859,CpG,NB11,control
SRR6995995,71,86740,79273,52.25,166013,CpG,NB11,control
SRR6995995,72,85755,77796,52.43,163551,CpG,NB11,control
SRR6995995,73,84674,78863,51.78,163537,CpG,NB11,control
SRR6995995,74,83141,78102,51.56,161243,CpG,NB11,control
SRR6995995,75,82310,75899,52.03,158209,CpG,NB11,control
SRR6995995,76,81005,77000,51.27,158005,CpG,NB11,control
SRR6995995,77,79710,75119,51.48,154829,CpG,NB11,control
SRR6995995,78,78783,75424,51.09,154207,CpG,NB11,control
SRR6995995,79,78099,75856,50.73,153955,CpG,NB11,control
SRR6995995,80,75995,74499,50.5,150494,CpG,NB11,control
SRR6995995,81,74922,73223,50.57,148145,CpG,NB11,control
SRR6995995,82,73816,72998,50.28,146814,CpG,NB11,control
SRR6995995,83,71274,70816,50.16,142090,CpG,NB11,control
SRR6995995,84,69938,69686,50.09,139624,CpG,NB11,control
SRR6995995,85,68154,68619,49.83,136773,CpG,NB11,control
SRR6995995,86,64906,66275,49.48,131181,CpG,NB11,control
SRR6995995,87,62631,66005,48.69,128636,CpG,NB11,control
SRR6995995,88,56547,63468,47.12,120015,CpG,NB11,control
SRR6995995,89,15748,18250,46.32,33998,CpG,NB11,control
SRR6995995,1,6632,214987,2.99,221619,CHG,NB11,control
SRR6995995,2,5195,219450,2.31,224645,CHG,NB11,control
SRR6995995,3,4612,222856,2.03,227468,CHG,NB11,control
SRR6995995,4,4944,213235,2.27,218179,CHG,NB11,control
SRR6995995,5,5186,221033,2.29,226219,CHG,NB11,control
SRR6995995,6,4379,231204,1.86,235583,CHG,NB11,control
SRR6995995,7,4179,217426,1.89,221605,CHG,NB11,control
SRR6995995,8,4645,222677,2.04,227322,CHG,NB11,control
SRR6995995,9,5053,224030,2.21,229083,CHG,NB11,control
SRR6995995,10,16107,222820,6.74,238927,CHG,NB11,control
SRR6995995,11,4127,227578,1.78,231705,CHG,NB11,control
SRR6995995,12,2787,228419,1.21,231206,CHG,NB11,control
SRR6995995,13,2793,226971,1.22,229764,CHG,NB11,control
SRR6995995,14,2914,241093,1.19,244007,CHG,NB11,control
SRR6995995,15,2921,229936,1.25,232857,CHG,NB11,control
SRR6995995,16,2861,228094,1.24,230955,CHG,NB11,control
SRR6995995,17,2838,231291,1.21,234129,CHG,NB11,control
SRR6995995,18,2739,230436,1.17,233175,CHG,NB11,control
SRR6995995,19,3253,228881,1.4,232134,CHG,NB11,control
SRR6995995,20,2920,234314,1.23,237234,CHG,NB11,control
SRR6995995,21,2752,233225,1.17,235977,CHG,NB11,control
SRR6995995,22,3007,239424,1.24,242431,CHG,NB11,control
SRR6995995,23,2918,235689,1.22,238607,CHG,NB11,control
SRR6995995,24,2792,236849,1.17,239641,CHG,NB11,control
SRR6995995,25,2811,235087,1.18,237898,CHG,NB11,control
SRR6995995,26,2843,236484,1.19,239327,CHG,NB11,control
SRR6995995,27,3363,236598,1.4,239961,CHG,NB11,control
SRR6995995,28,2922,233224,1.24,236146,CHG,NB11,control
SRR6995995,29,2860,234687,1.2,237547,CHG,NB11,control
SRR6995995,30,2701,232212,1.15,234913,CHG,NB11,control
SRR6995995,31,2936,230219,1.26,233155,CHG,NB11,control
SRR6995995,32,2851,235387,1.2,238238,CHG,NB11,control
SRR6995995,33,2646,233334,1.12,235980,CHG,NB11,control
SRR6995995,34,2781,231152,1.19,233933,CHG,NB11,control
SRR6995995,35,3052,236314,1.28,239366,CHG,NB11,control
SRR6995995,36,2667,235598,1.12,238265,CHG,NB11,control
SRR6995995,37,2829,228564,1.22,231393,CHG,NB11,control
SRR6995995,38,2838,233746,1.2,236584,CHG,NB11,control
SRR6995995,39,2849,233559,1.21,236408,CHG,NB11,control
SRR6995995,40,2782,228991,1.2,231773,CHG,NB11,control
SRR6995995,41,2734,230506,1.17,233240,CHG,NB11,control
SRR6995995,42,2613,227147,1.14,229760,CHG,NB11,control
SRR6995995,43,2606,227140,1.13,229746,CHG,NB11,control
SRR6995995,44,2662,229826,1.15,232488,CHG,NB11,control
SRR6995995,45,2595,227718,1.13,230313,CHG,NB11,control
SRR6995995,46,2722,225900,1.19,228622,CHG,NB11,control
SRR6995995,47,2660,228691,1.15,231351,CHG,NB11,control
SRR6995995,48,2583,226692,1.13,229275,CHG,NB11,control
SRR6995995,49,2769,222909,1.23,225678,CHG,NB11,control
SRR6995995,50,2864,228047,1.24,230911,CHG,NB11,control
SRR6995995,51,2597,226945,1.13,229542,CHG,NB11,control
SRR6995995,52,2823,223025,1.25,225848,CHG,NB11,control
SRR6995995,53,2744,225930,1.2,228674,CHG,NB11,control
SRR6995995,54,2601,224832,1.14,227433,CHG,NB11,control
SRR6995995,55,2666,222248,1.19,224914,CHG,NB11,control
SRR6995995,56,2681,223848,1.18,226529,CHG,NB11,control
SRR6995995,57,2701,221900,1.2,224601,CHG,NB11,control
SRR6995995,58,2657,218415,1.2,221072,CHG,NB11,control
SRR6995995,59,2869,220500,1.28,223369,CHG,NB11,control
SRR6995995,60,2645,218152,1.2,220797,CHG,NB11,control
SRR6995995,61,2675,218454,1.21,221129,CHG,NB11,control
SRR6995995,62,2864,218196,1.3,221060,CHG,NB11,control
SRR6995995,63,2652,217481,1.2,220133,CHG,NB11,control
SRR6995995,64,2677,215402,1.23,218079,CHG,NB11,control
SRR6995995,65,2726,216394,1.24,219120,CHG,NB11,control
SRR6995995,66,2639,214945,1.21,217584,CHG,NB11,control
SRR6995995,67,2753,210956,1.29,213709,CHG,NB11,control
SRR6995995,68,2726,210401,1.28,213127,CHG,NB11,control
SRR6995995,69,2559,207750,1.22,210309,CHG,NB11,control
SRR6995995,70,2640,205866,1.27,208506,CHG,NB11,control
SRR6995995,71,2780,208048,1.32,210828,CHG,NB11,control
SRR6995995,72,2609,205781,1.25,208390,CHG,NB11,control
SRR6995995,73,2630,202020,1.29,204650,CHG,NB11,control
SRR6995995,74,2763,204019,1.34,206782,CHG,NB11,control
SRR6995995,75,2690,200588,1.32,203278,CHG,NB11,control
SRR6995995,76,2629,196980,1.32,199609,CHG,NB11,control
SRR6995995,77,2652,195937,1.34,198589,CHG,NB11,control
SRR6995995,78,2708,193035,1.38,195743,CHG,NB11,control
SRR6995995,79,2766,189906,1.44,192672,CHG,NB11,control
SRR6995995,80,2773,187940,1.45,190713,CHG,NB11,control
SRR6995995,81,2649,185090,1.41,187739,CHG,NB11,control
SRR6995995,82,2711,182486,1.46,185197,CHG,NB11,control
SRR6995995,83,2615,182410,1.41,185025,CHG,NB11,control
SRR6995995,84,2593,178079,1.44,180672,CHG,NB11,control
SRR6995995,85,2452,173237,1.4,175689,CHG,NB11,control
SRR6995995,86,2563,171257,1.47,173820,CHG,NB11,control
SRR6995995,87,2487,164124,1.49,166611,CHG,NB11,control
SRR6995995,88,2158,152780,1.39,154938,CHG,NB11,control
SRR6995995,89,429,41585,1.02,42014,CHG,NB11,control
SRR6995995,1,7836,449649,1.71,457485,CHH,NB11,control
SRR6995995,2,8078,438601,1.81,446679,CHH,NB11,control
SRR6995995,3,6984,448133,1.53,455117,CHH,NB11,control
SRR6995995,4,8108,441830,1.8,449938,CHH,NB11,control
SRR6995995,5,8061,446432,1.77,454493,CHH,NB11,control
SRR6995995,6,7811,453622,1.69,461433,CHH,NB11,control
SRR6995995,7,7227,463563,1.54,470790,CHH,NB11,control
SRR6995995,8,6348,447159,1.4,453507,CHH,NB11,control
SRR6995995,9,9248,450022,2.01,459270,CHH,NB11,control
SRR6995995,10,9187,448686,2.01,457873,CHH,NB11,control
SRR6995995,11,15338,443205,3.34,458543,CHH,NB11,control
SRR6995995,12,4913,455027,1.07,459940,CHH,NB11,control
SRR6995995,13,4866,450264,1.07,455130,CHH,NB11,control
SRR6995995,14,4682,440362,1.05,445044,CHH,NB11,control
SRR6995995,15,4834,443860,1.08,448694,CHH,NB11,control
SRR6995995,16,4889,445507,1.09,450396,CHH,NB11,control
SRR6995995,17,4698,439735,1.06,444433,CHH,NB11,control
SRR6995995,18,4552,452894,1,457446,CHH,NB11,control
SRR6995995,19,5173,439188,1.16,444361,CHH,NB11,control
SRR6995995,20,4654,431684,1.07,436338,CHH,NB11,control
SRR6995995,21,4689,436974,1.06,441663,CHH,NB11,control
SRR6995995,22,5102,441386,1.14,446488,CHH,NB11,control
SRR6995995,23,4754,439995,1.07,444749,CHH,NB11,control
SRR6995995,24,4496,447177,1,451673,CHH,NB11,control
SRR6995995,25,4756,445583,1.06,450339,CHH,NB11,control
SRR6995995,26,4881,439725,1.1,444606,CHH,NB11,control
SRR6995995,27,5636,443255,1.26,448891,CHH,NB11,control
SRR6995995,28,4867,442654,1.09,447521,CHH,NB11,control
SRR6995995,29,4683,438291,1.06,442974,CHH,NB11,control
SRR6995995,30,4464,438563,1.01,443027,CHH,NB11,control
SRR6995995,31,4726,438924,1.07,443650,CHH,NB11,control
SRR6995995,32,4666,434417,1.06,439083,CHH,NB11,control
SRR6995995,33,4378,438403,0.99,442781,CHH,NB11,control
SRR6995995,34,4692,438259,1.06,442951,CHH,NB11,control
SRR6995995,35,4752,430403,1.09,435155,CHH,NB11,control
SRR6995995,36,4407,433844,1.01,438251,CHH,NB11,control
SRR6995995,37,4566,431946,1.05,436512,CHH,NB11,control
SRR6995995,38,4581,429506,1.06,434087,CHH,NB11,control
SRR6995995,39,4614,436645,1.05,441259,CHH,NB11,control
SRR6995995,40,4603,440442,1.03,445045,CHH,NB11,control
SRR6995995,41,4511,436952,1.02,441463,CHH,NB11,control
SRR6995995,42,4557,439598,1.03,444155,CHH,NB11,control
SRR6995995,43,4602,438416,1.04,443018,CHH,NB11,control
SRR6995995,44,4643,433236,1.06,437879,CHH,NB11,control
SRR6995995,45,4572,432939,1.05,437511,CHH,NB11,control
SRR6995995,46,4788,433098,1.09,437886,CHH,NB11,control
SRR6995995,47,4813,426056,1.12,430869,CHH,NB11,control
SRR6995995,48,4564,430878,1.05,435442,CHH,NB11,control
SRR6995995,49,4834,431402,1.11,436236,CHH,NB11,control
SRR6995995,50,4677,426382,1.09,431059,CHH,NB11,control
SRR6995995,51,4857,432567,1.11,437424,CHH,NB11,control
SRR6995995,52,5049,430244,1.16,435293,CHH,NB11,control
SRR6995995,53,4930,426412,1.14,431342,CHH,NB11,control
SRR6995995,54,4980,431567,1.14,436547,CHH,NB11,control
SRR6995995,55,5121,430933,1.17,436054,CHH,NB11,control
SRR6995995,56,5083,426853,1.18,431936,CHH,NB11,control
SRR6995995,57,5069,430256,1.16,435325,CHH,NB11,control
SRR6995995,58,5197,432025,1.19,437222,CHH,NB11,control
SRR6995995,59,5430,428510,1.25,433940,CHH,NB11,control
SRR6995995,60,5059,430674,1.16,435733,CHH,NB11,control
SRR6995995,61,5215,430742,1.2,435957,CHH,NB11,control
SRR6995995,62,5333,424182,1.24,429515,CHH,NB11,control
SRR6995995,63,5293,424166,1.23,429459,CHH,NB11,control
SRR6995995,64,5320,422558,1.24,427878,CHH,NB11,control
SRR6995995,65,5277,416732,1.25,422009,CHH,NB11,control
SRR6995995,66,5254,417695,1.24,422949,CHH,NB11,control
SRR6995995,67,5475,418467,1.29,423942,CHH,NB11,control
SRR6995995,68,5359,413103,1.28,418462,CHH,NB11,control
SRR6995995,69,5226,414296,1.25,419522,CHH,NB11,control
SRR6995995,70,5324,413035,1.27,418359,CHH,NB11,control
SRR6995995,71,5218,407927,1.26,413145,CHH,NB11,control
SRR6995995,72,5242,408129,1.27,413371,CHH,NB11,control
SRR6995995,73,5332,405925,1.3,411257,CHH,NB11,control
SRR6995995,74,5473,399536,1.35,405009,CHH,NB11,control
SRR6995995,75,5213,400042,1.29,405255,CHH,NB11,control
SRR6995995,76,5346,398637,1.32,403983,CHH,NB11,control
SRR6995995,77,5337,392795,1.34,398132,CHH,NB11,control
SRR6995995,78,5105,390888,1.29,395993,CHH,NB11,control
SRR6995995,79,5237,384326,1.34,389563,CHH,NB11,control
SRR6995995,80,5181,377671,1.35,382852,CHH,NB11,control
SRR6995995,81,5135,376366,1.35,381501,CHH,NB11,control
SRR6995995,82,5071,371282,1.35,376353,CHH,NB11,control
SRR6995995,83,5007,365166,1.35,370173,CHH,NB11,control
SRR6995995,84,4874,363502,1.32,368376,CHH,NB11,control
SRR6995995,85,4894,358830,1.35,363724,CHH,NB11,control
SRR6995995,86,4791,350839,1.35,355630,CHH,NB11,control
SRR6995995,87,4572,344275,1.31,348847,CHH,NB11,control
SRR6995995,88,4027,323986,1.23,328013,CHH,NB11,control
SRR6995995,89,1344,93887,1.41,95231,CHH,NB11,control
SRR6995996,1,69545,77848,47.18,147393,CpG,HB2,oil
SRR6995996,2,70736,76678,47.98,147414,CpG,HB2,oil
SRR6995996,3,73464,75350,49.37,148814,CpG,HB2,oil
SRR6995996,4,80821,79103,50.54,159924,CpG,HB2,oil
SRR6995996,5,77382,86090,47.34,163472,CpG,HB2,oil
SRR6995996,6,81185,75887,51.69,157072,CpG,HB2,oil
SRR6995996,7,81502,76348,51.63,157850,CpG,HB2,oil
SRR6995996,8,83390,74734,52.74,158124,CpG,HB2,oil
SRR6995996,9,93833,73041,56.23,166874,CpG,HB2,oil
SRR6995996,10,84383,74513,53.11,158896,CpG,HB2,oil
SRR6995996,11,82944,74259,52.76,157203,CpG,HB2,oil
SRR6995996,12,83296,75852,52.34,159148,CpG,HB2,oil
SRR6995996,13,85598,88087,49.28,173685,CpG,HB2,oil
SRR6995996,14,84191,76982,52.24,161173,CpG,HB2,oil
SRR6995996,15,86677,78867,52.36,165544,CpG,HB2,oil
SRR6995996,16,90346,91316,49.73,181662,CpG,HB2,oil
SRR6995996,17,88138,78486,52.9,166624,CpG,HB2,oil
SRR6995996,18,88632,79386,52.75,168018,CpG,HB2,oil
SRR6995996,19,90312,81652,52.52,171964,CpG,HB2,oil
SRR6995996,20,89816,78936,53.22,168752,CpG,HB2,oil
SRR6995996,21,88081,77572,53.17,165653,CpG,HB2,oil
SRR6995996,22,89769,80506,52.72,170275,CpG,HB2,oil
SRR6995996,23,90506,81270,52.69,171776,CpG,HB2,oil
SRR6995996,24,91336,79329,53.52,170665,CpG,HB2,oil
SRR6995996,25,92252,82151,52.9,174403,CpG,HB2,oil
SRR6995996,26,91026,81180,52.86,172206,CpG,HB2,oil
SRR6995996,27,91793,81206,53.06,172999,CpG,HB2,oil
SRR6995996,28,93074,82204,53.1,175278,CpG,HB2,oil
SRR6995996,29,91352,80444,53.17,171796,CpG,HB2,oil
SRR6995996,30,90339,79813,53.09,170152,CpG,HB2,oil
SRR6995996,31,92144,82611,52.73,174755,CpG,HB2,oil
SRR6995996,32,90236,80686,52.79,170922,CpG,HB2,oil
SRR6995996,33,90459,78432,53.56,168891,CpG,HB2,oil
SRR6995996,34,91909,81135,53.11,173044,CpG,HB2,oil
SRR6995996,35,91566,81134,53.02,172700,CpG,HB2,oil
SRR6995996,36,90863,79685,53.28,170548,CpG,HB2,oil
SRR6995996,37,92347,81622,53.08,173969,CpG,HB2,oil
SRR6995996,38,90079,80612,52.77,170691,CpG,HB2,oil
SRR6995996,39,91125,80184,53.19,171309,CpG,HB2,oil
SRR6995996,40,92137,81763,52.98,173900,CpG,HB2,oil
SRR6995996,41,90256,80287,52.92,170543,CpG,HB2,oil
SRR6995996,42,90477,79074,53.36,169551,CpG,HB2,oil
SRR6995996,43,90792,80864,52.89,171656,CpG,HB2,oil
SRR6995996,44,89213,79539,52.87,168752,CpG,HB2,oil
SRR6995996,45,88671,78730,52.97,167401,CpG,HB2,oil
SRR6995996,46,90090,80714,52.74,170804,CpG,HB2,oil
SRR6995996,47,89068,79403,52.87,168471,CpG,HB2,oil
SRR6995996,48,88463,79233,52.75,167696,CpG,HB2,oil
SRR6995996,49,89273,80101,52.71,169374,CpG,HB2,oil
SRR6995996,50,87642,78845,52.64,166487,CpG,HB2,oil
SRR6995996,51,87875,78393,52.85,166268,CpG,HB2,oil
SRR6995996,52,87805,79638,52.44,167443,CpG,HB2,oil
SRR6995996,53,86965,79101,52.37,166066,CpG,HB2,oil
SRR6995996,54,86406,78265,52.47,164671,CpG,HB2,oil
SRR6995996,55,87272,79310,52.39,166582,CpG,HB2,oil
SRR6995996,56,85881,77300,52.63,163181,CpG,HB2,oil
SRR6995996,57,85772,77393,52.57,163165,CpG,HB2,oil
SRR6995996,58,86013,78595,52.25,164608,CpG,HB2,oil
SRR6995996,59,85622,77588,52.46,163210,CpG,HB2,oil
SRR6995996,60,85099,77762,52.25,162861,CpG,HB2,oil
SRR6995996,61,84733,79215,51.68,163948,CpG,HB2,oil
SRR6995996,62,83172,77383,51.8,160555,CpG,HB2,oil
SRR6995996,63,83070,76660,52.01,159730,CpG,HB2,oil
SRR6995996,64,82530,77142,51.69,159672,CpG,HB2,oil
SRR6995996,65,81894,76688,51.64,158582,CpG,HB2,oil
SRR6995996,66,82003,76077,51.87,158080,CpG,HB2,oil
SRR6995996,67,82067,77417,51.46,159484,CpG,HB2,oil
SRR6995996,68,80150,75760,51.41,155910,CpG,HB2,oil
SRR6995996,69,80490,75862,51.48,156352,CpG,HB2,oil
SRR6995996,70,81150,76112,51.6,157262,CpG,HB2,oil
SRR6995996,71,79757,74623,51.66,154380,CpG,HB2,oil
SRR6995996,72,79155,74308,51.58,153463,CpG,HB2,oil
SRR6995996,73,79033,74595,51.44,153628,CpG,HB2,oil
SRR6995996,74,77213,74262,50.97,151475,CpG,HB2,oil
SRR6995996,75,76929,72721,51.41,149650,CpG,HB2,oil
SRR6995996,76,76194,73370,50.94,149564,CpG,HB2,oil
SRR6995996,77,75320,72066,51.1,147386,CpG,HB2,oil
SRR6995996,78,74578,72286,50.78,146864,CpG,HB2,oil
SRR6995996,79,74014,72753,50.43,146767,CpG,HB2,oil
SRR6995996,80,73680,71880,50.62,145560,CpG,HB2,oil
SRR6995996,81,72271,71174,50.38,143445,CpG,HB2,oil
SRR6995996,82,71420,71134,50.1,142554,CpG,HB2,oil
SRR6995996,83,69969,70681,49.75,140650,CpG,HB2,oil
SRR6995996,84,68737,69227,49.82,137964,CpG,HB2,oil
SRR6995996,85,67565,68662,49.6,136227,CpG,HB2,oil
SRR6995996,86,65013,67441,49.08,132454,CpG,HB2,oil
SRR6995996,87,62921,66339,48.68,129260,CpG,HB2,oil
SRR6995996,88,57402,64382,47.13,121784,CpG,HB2,oil
SRR6995996,89,15398,20224,43.23,35622,CpG,HB2,oil
SRR6995996,1,5104,213749,2.33,218853,CHG,HB2,oil
SRR6995996,2,4220,218208,1.9,222428,CHG,HB2,oil
SRR6995996,3,3683,218082,1.66,221765,CHG,HB2,oil
SRR6995996,4,4087,208993,1.92,213080,CHG,HB2,oil
SRR6995996,5,4451,217408,2.01,221859,CHG,HB2,oil
SRR6995996,6,4014,232579,1.7,236593,CHG,HB2,oil
SRR6995996,7,3759,212597,1.74,216356,CHG,HB2,oil
SRR6995996,8,4232,214329,1.94,218561,CHG,HB2,oil
SRR6995996,9,4993,215536,2.26,220529,CHG,HB2,oil
SRR6995996,10,20727,215969,8.76,236696,CHG,HB2,oil
SRR6995996,11,4270,219875,1.91,224145,CHG,HB2,oil
SRR6995996,12,2491,220877,1.12,223368,CHG,HB2,oil
SRR6995996,13,2493,219766,1.12,222259,CHG,HB2,oil
SRR6995996,14,2636,237734,1.1,240370,CHG,HB2,oil
SRR6995996,15,2666,223362,1.18,226028,CHG,HB2,oil
SRR6995996,16,2675,220443,1.2,223118,CHG,HB2,oil
SRR6995996,17,2610,224728,1.15,227338,CHG,HB2,oil
SRR6995996,18,2589,224907,1.14,227496,CHG,HB2,oil
SRR6995996,19,2800,221631,1.25,224431,CHG,HB2,oil
SRR6995996,20,2768,227303,1.2,230071,CHG,HB2,oil
SRR6995996,21,2585,226967,1.13,229552,CHG,HB2,oil
SRR6995996,22,2843,240922,1.17,243765,CHG,HB2,oil
SRR6995996,23,2816,229213,1.21,232029,CHG,HB2,oil
SRR6995996,24,2568,232083,1.09,234651,CHG,HB2,oil
SRR6995996,25,2654,229664,1.14,232318,CHG,HB2,oil
SRR6995996,26,2709,231731,1.16,234440,CHG,HB2,oil
SRR6995996,27,3235,231078,1.38,234313,CHG,HB2,oil
SRR6995996,28,2679,228699,1.16,231378,CHG,HB2,oil
SRR6995996,29,2640,230572,1.13,233212,CHG,HB2,oil
SRR6995996,30,2575,228640,1.11,231215,CHG,HB2,oil
SRR6995996,31,2653,227101,1.15,229754,CHG,HB2,oil
SRR6995996,32,2607,230422,1.12,233029,CHG,HB2,oil
SRR6995996,33,2503,231479,1.07,233982,CHG,HB2,oil
SRR6995996,34,2671,227903,1.16,230574,CHG,HB2,oil
SRR6995996,35,2829,233113,1.2,235942,CHG,HB2,oil
SRR6995996,36,2460,231909,1.05,234369,CHG,HB2,oil
SRR6995996,37,2662,226928,1.16,229590,CHG,HB2,oil
SRR6995996,38,2635,230350,1.13,232985,CHG,HB2,oil
SRR6995996,39,2552,229766,1.1,232318,CHG,HB2,oil
SRR6995996,40,2554,228246,1.11,230800,CHG,HB2,oil
SRR6995996,41,2516,229040,1.09,231556,CHG,HB2,oil
SRR6995996,42,2524,225912,1.1,228436,CHG,HB2,oil
SRR6995996,43,2533,224628,1.12,227161,CHG,HB2,oil
SRR6995996,44,2572,226813,1.12,229385,CHG,HB2,oil
SRR6995996,45,2453,226535,1.07,228988,CHG,HB2,oil
SRR6995996,46,2558,224949,1.12,227507,CHG,HB2,oil
SRR6995996,47,2530,227947,1.1,230477,CHG,HB2,oil
SRR6995996,48,2472,227804,1.07,230276,CHG,HB2,oil
SRR6995996,49,2645,223669,1.17,226314,CHG,HB2,oil
SRR6995996,50,2617,226818,1.14,229435,CHG,HB2,oil
SRR6995996,51,2490,225005,1.09,227495,CHG,HB2,oil
SRR6995996,52,2562,222597,1.14,225159,CHG,HB2,oil
SRR6995996,53,2617,224707,1.15,227324,CHG,HB2,oil
SRR6995996,54,2476,223272,1.1,225748,CHG,HB2,oil
SRR6995996,55,2531,221959,1.13,224490,CHG,HB2,oil
SRR6995996,56,2515,224115,1.11,226630,CHG,HB2,oil
SRR6995996,57,2507,221927,1.12,224434,CHG,HB2,oil
SRR6995996,58,2521,218560,1.14,221081,CHG,HB2,oil
SRR6995996,59,2640,221262,1.18,223902,CHG,HB2,oil
SRR6995996,60,2494,219390,1.12,221884,CHG,HB2,oil
SRR6995996,61,2582,218693,1.17,221275,CHG,HB2,oil
SRR6995996,62,2624,219599,1.18,222223,CHG,HB2,oil
SRR6995996,63,2604,218812,1.18,221416,CHG,HB2,oil
SRR6995996,64,2639,217327,1.2,219966,CHG,HB2,oil
SRR6995996,65,2584,218752,1.17,221336,CHG,HB2,oil
SRR6995996,66,2646,217551,1.2,220197,CHG,HB2,oil
SRR6995996,67,2754,215109,1.26,217863,CHG,HB2,oil
SRR6995996,68,2745,213995,1.27,216740,CHG,HB2,oil
SRR6995996,69,2580,212264,1.2,214844,CHG,HB2,oil
SRR6995996,70,2796,210177,1.31,212973,CHG,HB2,oil
SRR6995996,71,2752,212740,1.28,215492,CHG,HB2,oil
SRR6995996,72,2703,209654,1.27,212357,CHG,HB2,oil
SRR6995996,73,2855,208389,1.35,211244,CHG,HB2,oil
SRR6995996,74,2869,208740,1.36,211609,CHG,HB2,oil
SRR6995996,75,2761,206613,1.32,209374,CHG,HB2,oil
SRR6995996,76,2890,203777,1.4,206667,CHG,HB2,oil
SRR6995996,77,2972,203509,1.44,206481,CHG,HB2,oil
SRR6995996,78,2969,201309,1.45,204278,CHG,HB2,oil
SRR6995996,79,3060,197892,1.52,200952,CHG,HB2,oil
SRR6995996,80,3139,198302,1.56,201441,CHG,HB2,oil
SRR6995996,81,3054,195768,1.54,198822,CHG,HB2,oil
SRR6995996,82,3099,193890,1.57,196989,CHG,HB2,oil
SRR6995996,83,3125,193828,1.59,196953,CHG,HB2,oil
SRR6995996,84,2891,190250,1.5,193141,CHG,HB2,oil
SRR6995996,85,3159,186354,1.67,189513,CHG,HB2,oil
SRR6995996,86,3180,186208,1.68,189388,CHG,HB2,oil
SRR6995996,87,3065,180209,1.67,183274,CHG,HB2,oil
SRR6995996,88,2738,167869,1.6,170607,CHG,HB2,oil
SRR6995996,89,599,48032,1.23,48631,CHG,HB2,oil
SRR6995996,1,7469,528846,1.39,536315,CHH,HB2,oil
SRR6995996,2,7210,526515,1.35,533725,CHH,HB2,oil
SRR6995996,3,6522,536140,1.2,542662,CHH,HB2,oil
SRR6995996,4,8625,527209,1.61,535834,CHH,HB2,oil
SRR6995996,5,8316,535958,1.53,544274,CHH,HB2,oil
SRR6995996,6,8161,546211,1.47,554372,CHH,HB2,oil
SRR6995996,7,7417,562366,1.3,569783,CHH,HB2,oil
SRR6995996,8,6600,539013,1.21,545613,CHH,HB2,oil
SRR6995996,9,10973,539827,1.99,550800,CHH,HB2,oil
SRR6995996,10,10892,534416,2,545308,CHH,HB2,oil
SRR6995996,11,21015,527753,3.83,548768,CHH,HB2,oil
SRR6995996,12,4991,538997,0.92,543988,CHH,HB2,oil
SRR6995996,13,4849,536815,0.9,541664,CHH,HB2,oil
SRR6995996,14,4709,525317,0.89,530026,CHH,HB2,oil
SRR6995996,15,4857,526948,0.91,531805,CHH,HB2,oil
SRR6995996,16,4819,527330,0.91,532149,CHH,HB2,oil
SRR6995996,17,4662,521161,0.89,525823,CHH,HB2,oil
SRR6995996,18,4412,541668,0.81,546080,CHH,HB2,oil
SRR6995996,19,5244,519562,1,524806,CHH,HB2,oil
SRR6995996,20,4645,515429,0.89,520074,CHH,HB2,oil
SRR6995996,21,4657,518999,0.89,523656,CHH,HB2,oil
SRR6995996,22,4963,524532,0.94,529495,CHH,HB2,oil
SRR6995996,23,4443,527879,0.83,532322,CHH,HB2,oil
SRR6995996,24,4367,533977,0.81,538344,CHH,HB2,oil
SRR6995996,25,4582,536387,0.85,540969,CHH,HB2,oil
SRR6995996,26,4602,527449,0.86,532051,CHH,HB2,oil
SRR6995996,27,5611,527917,1.05,533528,CHH,HB2,oil
SRR6995996,28,4627,529614,0.87,534241,CHH,HB2,oil
SRR6995996,29,4529,521367,0.86,525896,CHH,HB2,oil
SRR6995996,30,4295,522128,0.82,526423,CHH,HB2,oil
SRR6995996,31,4564,520921,0.87,525485,CHH,HB2,oil
SRR6995996,32,4450,516411,0.85,520861,CHH,HB2,oil
SRR6995996,33,4125,521750,0.78,525875,CHH,HB2,oil
SRR6995996,34,4355,524721,0.82,529076,CHH,HB2,oil
SRR6995996,35,4638,517193,0.89,521831,CHH,HB2,oil
SRR6995996,36,4320,518934,0.83,523254,CHH,HB2,oil
SRR6995996,37,4364,515541,0.84,519905,CHH,HB2,oil
SRR6995996,38,4382,511688,0.85,516070,CHH,HB2,oil
SRR6995996,39,4417,519373,0.84,523790,CHH,HB2,oil
SRR6995996,40,4359,523505,0.83,527864,CHH,HB2,oil
SRR6995996,41,4398,519987,0.84,524385,CHH,HB2,oil
SRR6995996,42,4364,525310,0.82,529674,CHH,HB2,oil
SRR6995996,43,4447,524905,0.84,529352,CHH,HB2,oil
SRR6995996,44,4313,517243,0.83,521556,CHH,HB2,oil
SRR6995996,45,4337,516010,0.83,520347,CHH,HB2,oil
SRR6995996,46,4510,515434,0.87,519944,CHH,HB2,oil
SRR6995996,47,4430,505961,0.87,510391,CHH,HB2,oil
SRR6995996,48,4361,515356,0.84,519717,CHH,HB2,oil
SRR6995996,49,4534,515868,0.87,520402,CHH,HB2,oil
SRR6995996,50,4622,511687,0.9,516309,CHH,HB2,oil
SRR6995996,51,4596,519864,0.88,524460,CHH,HB2,oil
SRR6995996,52,4798,515324,0.92,520122,CHH,HB2,oil
SRR6995996,53,4718,509381,0.92,514099,CHH,HB2,oil
SRR6995996,54,4662,517136,0.89,521798,CHH,HB2,oil
SRR6995996,55,4809,511356,0.93,516165,CHH,HB2,oil
SRR6995996,56,4746,507021,0.93,511767,CHH,HB2,oil
SRR6995996,57,4911,512503,0.95,517414,CHH,HB2,oil
SRR6995996,58,5134,511881,0.99,517015,CHH,HB2,oil
SRR6995996,59,5098,507495,0.99,512593,CHH,HB2,oil
SRR6995996,60,4981,510151,0.97,515132,CHH,HB2,oil
SRR6995996,61,5207,510750,1.01,515957,CHH,HB2,oil
SRR6995996,62,5345,503826,1.05,509171,CHH,HB2,oil
SRR6995996,63,5233,502666,1.03,507899,CHH,HB2,oil
SRR6995996,64,5293,502567,1.04,507860,CHH,HB2,oil
SRR6995996,65,5562,498666,1.1,504228,CHH,HB2,oil
SRR6995996,66,5449,499886,1.08,505335,CHH,HB2,oil
SRR6995996,67,5644,498029,1.12,503673,CHH,HB2,oil
SRR6995996,68,5758,492279,1.16,498037,CHH,HB2,oil
SRR6995996,69,5632,493578,1.13,499210,CHH,HB2,oil
SRR6995996,70,5828,495228,1.16,501056,CHH,HB2,oil
SRR6995996,71,5883,490017,1.19,495900,CHH,HB2,oil
SRR6995996,72,5851,490157,1.18,496008,CHH,HB2,oil
SRR6995996,73,6028,490625,1.21,496653,CHH,HB2,oil
SRR6995996,74,6157,484698,1.25,490855,CHH,HB2,oil
SRR6995996,75,6348,484339,1.29,490687,CHH,HB2,oil
SRR6995996,76,6466,484135,1.32,490601,CHH,HB2,oil
SRR6995996,77,6365,476830,1.32,483195,CHH,HB2,oil
SRR6995996,78,6511,475690,1.35,482201,CHH,HB2,oil
SRR6995996,79,6484,469894,1.36,476378,CHH,HB2,oil
SRR6995996,80,6537,460506,1.4,467043,CHH,HB2,oil
SRR6995996,81,6498,460884,1.39,467382,CHH,HB2,oil
SRR6995996,82,6803,456246,1.47,463049,CHH,HB2,oil
SRR6995996,83,6627,448843,1.45,455470,CHH,HB2,oil
SRR6995996,84,6816,448214,1.5,455030,CHH,HB2,oil
SRR6995996,85,6705,446217,1.48,452922,CHH,HB2,oil
SRR6995996,86,6919,439135,1.55,446054,CHH,HB2,oil
SRR6995996,87,6619,432533,1.51,439152,CHH,HB2,oil
SRR6995996,88,6045,410150,1.45,416195,CHH,HB2,oil
SRR6995996,89,2365,132093,1.76,134458,CHH,HB2,oil
SRR6995997,1,33869,16323,67.48,50192,CpG,NB3,control
SRR6995997,2,34891,15617,69.08,50508,CpG,NB3,control
SRR6995997,3,35886,15447,69.91,51333,CpG,NB3,control
SRR6995997,4,38947,16493,70.25,55440,CpG,NB3,control
SRR6995997,5,37583,17246,68.55,54829,CpG,NB3,control
SRR6995997,6,39670,15222,72.27,54892,CpG,NB3,control
SRR6995997,7,39448,15957,71.2,55405,CpG,NB3,control
SRR6995997,8,40759,15686,72.21,56445,CpG,NB3,control
SRR6995997,9,41498,15351,73,56849,CpG,NB3,control
SRR6995997,10,41044,15766,72.25,56810,CpG,NB3,control
SRR6995997,11,40592,15858,71.91,56450,CpG,NB3,control
SRR6995997,12,41349,15761,72.4,57110,CpG,NB3,control
SRR6995997,13,42040,17394,70.73,59434,CpG,NB3,control
SRR6995997,14,41473,15901,72.29,57374,CpG,NB3,control
SRR6995997,15,42271,16016,72.52,58287,CpG,NB3,control
SRR6995997,16,44027,17810,71.2,61837,CpG,NB3,control
SRR6995997,17,42657,16082,72.62,58739,CpG,NB3,control
SRR6995997,18,43424,15552,73.63,58976,CpG,NB3,control
SRR6995997,19,44245,16422,72.93,60667,CpG,NB3,control
SRR6995997,20,43819,16361,72.81,60180,CpG,NB3,control
SRR6995997,21,42604,15753,73.01,58357,CpG,NB3,control
SRR6995997,22,43990,16427,72.81,60417,CpG,NB3,control
SRR6995997,23,44274,16222,73.19,60496,CpG,NB3,control
SRR6995997,24,44982,16196,73.53,61178,CpG,NB3,control
SRR6995997,25,44774,16535,73.03,61309,CpG,NB3,control
SRR6995997,26,44372,16260,73.18,60632,CpG,NB3,control
SRR6995997,27,44540,15849,73.76,60389,CpG,NB3,control
SRR6995997,28,45032,16264,73.47,61296,CpG,NB3,control
SRR6995997,29,43936,15633,73.76,59569,CpG,NB3,control
SRR6995997,30,44213,15639,73.87,59852,CpG,NB3,control
SRR6995997,31,44550,16308,73.2,60858,CpG,NB3,control
SRR6995997,32,44024,15908,73.46,59932,CpG,NB3,control
SRR6995997,33,43459,15595,73.59,59054,CpG,NB3,control
SRR6995997,34,45220,16107,73.74,61327,CpG,NB3,control
SRR6995997,35,44293,15792,73.72,60085,CpG,NB3,control
SRR6995997,36,44845,15982,73.73,60827,CpG,NB3,control
SRR6995997,37,44953,15976,73.78,60929,CpG,NB3,control
SRR6995997,38,43720,15802,73.45,59522,CpG,NB3,control
SRR6995997,39,43952,15393,74.06,59345,CpG,NB3,control
SRR6995997,40,44562,15720,73.92,60282,CpG,NB3,control
SRR6995997,41,43576,15758,73.44,59334,CpG,NB3,control
SRR6995997,42,43318,15396,73.78,58714,CpG,NB3,control
SRR6995997,43,44086,15752,73.68,59838,CpG,NB3,control
SRR6995997,44,43816,15378,74.02,59194,CpG,NB3,control
SRR6995997,45,43093,15423,73.64,58516,CpG,NB3,control
SRR6995997,46,43957,15970,73.35,59927,CpG,NB3,control
SRR6995997,47,43573,15310,74,58883,CpG,NB3,control
SRR6995997,48,43510,15442,73.81,58952,CpG,NB3,control
SRR6995997,49,43182,15826,73.18,59008,CpG,NB3,control
SRR6995997,50,42750,15563,73.31,58313,CpG,NB3,control
SRR6995997,51,42156,15099,73.63,57255,CpG,NB3,control
SRR6995997,52,42125,15512,73.09,57637,CpG,NB3,control
SRR6995997,53,42091,15232,73.43,57323,CpG,NB3,control
SRR6995997,54,42005,15061,73.61,57066,CpG,NB3,control
SRR6995997,55,42650,15469,73.38,58119,CpG,NB3,control
SRR6995997,56,41488,15169,73.23,56657,CpG,NB3,control
SRR6995997,57,41440,14999,73.42,56439,CpG,NB3,control
SRR6995997,58,41692,15361,73.08,57053,CpG,NB3,control
SRR6995997,59,41158,15158,73.08,56316,CpG,NB3,control
SRR6995997,60,41008,15063,73.14,56071,CpG,NB3,control
SRR6995997,61,40875,15255,72.82,56130,CpG,NB3,control
SRR6995997,62,39985,14909,72.84,54894,CpG,NB3,control
SRR6995997,63,39823,14783,72.93,54606,CpG,NB3,control
SRR6995997,64,39760,15010,72.59,54770,CpG,NB3,control
SRR6995997,65,39037,14708,72.63,53745,CpG,NB3,control
SRR6995997,66,39178,14178,73.43,53356,CpG,NB3,control
SRR6995997,67,39123,14523,72.93,53646,CpG,NB3,control
SRR6995997,68,38500,14320,72.89,52820,CpG,NB3,control
SRR6995997,69,37957,14143,72.85,52100,CpG,NB3,control
SRR6995997,70,37789,14506,72.26,52295,CpG,NB3,control
SRR6995997,71,37258,14054,72.61,51312,CpG,NB3,control
SRR6995997,72,36256,13797,72.44,50053,CpG,NB3,control
SRR6995997,73,36546,13988,72.32,50534,CpG,NB3,control
SRR6995997,74,35716,13742,72.21,49458,CpG,NB3,control
SRR6995997,75,35257,13436,72.41,48693,CpG,NB3,control
SRR6995997,76,34911,13748,71.75,48659,CpG,NB3,control
SRR6995997,77,34245,13453,71.8,47698,CpG,NB3,control
SRR6995997,78,33867,13190,71.97,47057,CpG,NB3,control
SRR6995997,79,33441,13439,71.33,46880,CpG,NB3,control
SRR6995997,80,32681,13013,71.52,45694,CpG,NB3,control
SRR6995997,81,32141,12618,71.81,44759,CpG,NB3,control
SRR6995997,82,31482,12836,71.04,44318,CpG,NB3,control
SRR6995997,83,30313,12410,70.95,42723,CpG,NB3,control
SRR6995997,84,29510,12053,71,41563,CpG,NB3,control
SRR6995997,85,28935,12251,70.25,41186,CpG,NB3,control
SRR6995997,86,27626,11586,70.45,39212,CpG,NB3,control
SRR6995997,87,26063,11220,69.91,37283,CpG,NB3,control
SRR6995997,88,22904,11129,67.3,34033,CpG,NB3,control
SRR6995997,89,6389,3517,64.5,9906,CpG,NB3,control
SRR6995997,1,1846,56757,3.15,58603,CHG,NB3,control
SRR6995997,2,1664,57786,2.8,59450,CHG,NB3,control
SRR6995997,3,1490,59040,2.46,60530,CHG,NB3,control
SRR6995997,4,1559,56162,2.7,57721,CHG,NB3,control
SRR6995997,5,1593,57731,2.69,59324,CHG,NB3,control
SRR6995997,6,1484,60296,2.4,61780,CHG,NB3,control
SRR6995997,7,1312,58057,2.21,59369,CHG,NB3,control
SRR6995997,8,1507,60432,2.43,61939,CHG,NB3,control
SRR6995997,9,1441,61391,2.29,62832,CHG,NB3,control
SRR6995997,10,3485,60994,5.4,64479,CHG,NB3,control
SRR6995997,11,1361,62778,2.12,64139,CHG,NB3,control
SRR6995997,12,1087,62303,1.71,63390,CHG,NB3,control
SRR6995997,13,1077,61671,1.72,62748,CHG,NB3,control
SRR6995997,14,1159,64241,1.77,65400,CHG,NB3,control
SRR6995997,15,1120,62681,1.76,63801,CHG,NB3,control
SRR6995997,16,1245,61961,1.97,63206,CHG,NB3,control
SRR6995997,17,1126,61993,1.78,63119,CHG,NB3,control
SRR6995997,18,1094,61904,1.74,62998,CHG,NB3,control
SRR6995997,19,1217,62640,1.91,63857,CHG,NB3,control
SRR6995997,20,1187,63106,1.85,64293,CHG,NB3,control
SRR6995997,21,1092,62798,1.71,63890,CHG,NB3,control
SRR6995997,22,1211,64313,1.85,65524,CHG,NB3,control
SRR6995997,23,1247,63571,1.92,64818,CHG,NB3,control
SRR6995997,24,1143,64102,1.75,65245,CHG,NB3,control
SRR6995997,25,1116,63283,1.73,64399,CHG,NB3,control
SRR6995997,26,1185,63140,1.84,64325,CHG,NB3,control
SRR6995997,27,1285,63493,1.98,64778,CHG,NB3,control
SRR6995997,28,1186,62463,1.86,63649,CHG,NB3,control
SRR6995997,29,1148,64024,1.76,65172,CHG,NB3,control
SRR6995997,30,1128,62719,1.77,63847,CHG,NB3,control
SRR6995997,31,1153,61690,1.83,62843,CHG,NB3,control
SRR6995997,32,1182,62973,1.84,64155,CHG,NB3,control
SRR6995997,33,1075,61608,1.71,62683,CHG,NB3,control
SRR6995997,34,1148,60975,1.85,62123,CHG,NB3,control
SRR6995997,35,1186,62797,1.85,63983,CHG,NB3,control
SRR6995997,36,1115,61538,1.78,62653,CHG,NB3,control
SRR6995997,37,1110,61074,1.79,62184,CHG,NB3,control
SRR6995997,38,1190,62169,1.88,63359,CHG,NB3,control
SRR6995997,39,1106,62182,1.75,63288,CHG,NB3,control
SRR6995997,40,1059,61706,1.69,62765,CHG,NB3,control
SRR6995997,41,1132,61870,1.8,63002,CHG,NB3,control
SRR6995997,42,1013,61074,1.63,62087,CHG,NB3,control
SRR6995997,43,1143,60743,1.85,61886,CHG,NB3,control
SRR6995997,44,1127,61104,1.81,62231,CHG,NB3,control
SRR6995997,45,1072,61237,1.72,62309,CHG,NB3,control
SRR6995997,46,1119,59925,1.83,61044,CHG,NB3,control
SRR6995997,47,1126,61091,1.81,62217,CHG,NB3,control
SRR6995997,48,1064,60950,1.72,62014,CHG,NB3,control
SRR6995997,49,1128,59765,1.85,60893,CHG,NB3,control
SRR6995997,50,1099,61238,1.76,62337,CHG,NB3,control
SRR6995997,51,1085,61183,1.74,62268,CHG,NB3,control
SRR6995997,52,1084,59789,1.78,60873,CHG,NB3,control
SRR6995997,53,1175,60460,1.91,61635,CHG,NB3,control
SRR6995997,54,1147,60363,1.86,61510,CHG,NB3,control
SRR6995997,55,1107,59603,1.82,60710,CHG,NB3,control
SRR6995997,56,1153,59916,1.89,61069,CHG,NB3,control
SRR6995997,57,1055,59479,1.74,60534,CHG,NB3,control
SRR6995997,58,1113,58557,1.87,59670,CHG,NB3,control
SRR6995997,59,1110,59200,1.84,60310,CHG,NB3,control
SRR6995997,60,1058,58792,1.77,59850,CHG,NB3,control
SRR6995997,61,1090,59682,1.79,60772,CHG,NB3,control
SRR6995997,62,1148,59153,1.9,60301,CHG,NB3,control
SRR6995997,63,1088,58426,1.83,59514,CHG,NB3,control
SRR6995997,64,1096,58520,1.84,59616,CHG,NB3,control
SRR6995997,65,1072,58853,1.79,59925,CHG,NB3,control
SRR6995997,66,1045,57911,1.77,58956,CHG,NB3,control
SRR6995997,67,1130,57002,1.94,58132,CHG,NB3,control
SRR6995997,68,1120,56465,1.94,57585,CHG,NB3,control
SRR6995997,69,985,56208,1.72,57193,CHG,NB3,control
SRR6995997,70,1105,54624,1.98,55729,CHG,NB3,control
SRR6995997,71,1059,55879,1.86,56938,CHG,NB3,control
SRR6995997,72,1043,55324,1.85,56367,CHG,NB3,control
SRR6995997,73,995,54467,1.79,55462,CHG,NB3,control
SRR6995997,74,1090,54325,1.97,55415,CHG,NB3,control
SRR6995997,75,1051,53722,1.92,54773,CHG,NB3,control
SRR6995997,76,1094,52725,2.03,53819,CHG,NB3,control
SRR6995997,77,1105,53122,2.04,54227,CHG,NB3,control
SRR6995997,78,1055,51882,1.99,52937,CHG,NB3,control
SRR6995997,79,1056,50534,2.05,51590,CHG,NB3,control
SRR6995997,80,1110,50173,2.16,51283,CHG,NB3,control
SRR6995997,81,1021,49722,2.01,50743,CHG,NB3,control
SRR6995997,82,1007,49284,2,50291,CHG,NB3,control
SRR6995997,83,1055,48452,2.13,49507,CHG,NB3,control
SRR6995997,84,992,47405,2.05,48397,CHG,NB3,control
SRR6995997,85,993,45747,2.12,46740,CHG,NB3,control
SRR6995997,86,943,45257,2.04,46200,CHG,NB3,control
SRR6995997,87,926,43505,2.08,44431,CHG,NB3,control
SRR6995997,88,828,38371,2.11,39199,CHG,NB3,control
SRR6995997,89,136,10462,1.28,10598,CHG,NB3,control
SRR6995997,1,2145,95813,2.19,97958,CHH,NB3,control
SRR6995997,2,2188,92879,2.3,95067,CHH,NB3,control
SRR6995997,3,2025,93722,2.11,95747,CHH,NB3,control
SRR6995997,4,2088,92794,2.2,94882,CHH,NB3,control
SRR6995997,5,2058,93461,2.15,95519,CHH,NB3,control
SRR6995997,6,2010,94132,2.09,96142,CHH,NB3,control
SRR6995997,7,2038,96333,2.07,98371,CHH,NB3,control
SRR6995997,8,1878,92882,1.98,94760,CHH,NB3,control
SRR6995997,9,2237,93619,2.33,95856,CHH,NB3,control
SRR6995997,10,2284,92663,2.41,94947,CHH,NB3,control
SRR6995997,11,3482,92344,3.63,95826,CHH,NB3,control
SRR6995997,12,1572,95310,1.62,96882,CHH,NB3,control
SRR6995997,13,1678,94063,1.75,95741,CHH,NB3,control
SRR6995997,14,1554,92219,1.66,93773,CHH,NB3,control
SRR6995997,15,1550,93259,1.63,94809,CHH,NB3,control
SRR6995997,16,1581,93377,1.66,94958,CHH,NB3,control
SRR6995997,17,1532,92951,1.62,94483,CHH,NB3,control
SRR6995997,18,1442,95267,1.49,96709,CHH,NB3,control
SRR6995997,19,1682,92882,1.78,94564,CHH,NB3,control
SRR6995997,20,1547,91018,1.67,92565,CHH,NB3,control
SRR6995997,21,1507,91798,1.62,93305,CHH,NB3,control
SRR6995997,22,1593,92127,1.7,93720,CHH,NB3,control
SRR6995997,23,1480,92052,1.58,93532,CHH,NB3,control
SRR6995997,24,1489,92862,1.58,94351,CHH,NB3,control
SRR6995997,25,1486,91520,1.6,93006,CHH,NB3,control
SRR6995997,26,1503,89392,1.65,90895,CHH,NB3,control
SRR6995997,27,1653,90342,1.8,91995,CHH,NB3,control
SRR6995997,28,1500,90748,1.63,92248,CHH,NB3,control
SRR6995997,29,1449,89763,1.59,91212,CHH,NB3,control
SRR6995997,30,1386,90527,1.51,91913,CHH,NB3,control
SRR6995997,31,1513,90549,1.64,92062,CHH,NB3,control
SRR6995997,32,1428,88705,1.58,90133,CHH,NB3,control
SRR6995997,33,1434,90373,1.56,91807,CHH,NB3,control
SRR6995997,34,1513,90228,1.65,91741,CHH,NB3,control
SRR6995997,35,1422,88161,1.59,89583,CHH,NB3,control
SRR6995997,36,1406,89343,1.55,90749,CHH,NB3,control
SRR6995997,37,1490,88342,1.66,89832,CHH,NB3,control
SRR6995997,38,1385,88043,1.55,89428,CHH,NB3,control
SRR6995997,39,1445,89116,1.6,90561,CHH,NB3,control
SRR6995997,40,1406,89022,1.55,90428,CHH,NB3,control
SRR6995997,41,1463,88186,1.63,89649,CHH,NB3,control
SRR6995997,42,1439,89425,1.58,90864,CHH,NB3,control
SRR6995997,43,1498,89036,1.65,90534,CHH,NB3,control
SRR6995997,44,1448,87743,1.62,89191,CHH,NB3,control
SRR6995997,45,1413,88781,1.57,90194,CHH,NB3,control
SRR6995997,46,1437,88606,1.6,90043,CHH,NB3,control
SRR6995997,47,1478,86899,1.67,88377,CHH,NB3,control
SRR6995997,48,1458,88079,1.63,89537,CHH,NB3,control
SRR6995997,49,1568,87655,1.76,89223,CHH,NB3,control
SRR6995997,50,1603,86722,1.81,88325,CHH,NB3,control
SRR6995997,51,1539,88253,1.71,89792,CHH,NB3,control
SRR6995997,52,1635,88377,1.82,90012,CHH,NB3,control
SRR6995997,53,1631,86973,1.84,88604,CHH,NB3,control
SRR6995997,54,1624,88232,1.81,89856,CHH,NB3,control
SRR6995997,55,1713,87311,1.92,89024,CHH,NB3,control
SRR6995997,56,1676,86087,1.91,87763,CHH,NB3,control
SRR6995997,57,1632,87211,1.84,88843,CHH,NB3,control
SRR6995997,58,1590,87463,1.79,89053,CHH,NB3,control
SRR6995997,59,1693,86074,1.93,87767,CHH,NB3,control
SRR6995997,60,1586,87305,1.78,88891,CHH,NB3,control
SRR6995997,61,1650,87390,1.85,89040,CHH,NB3,control
SRR6995997,62,1647,86173,1.88,87820,CHH,NB3,control
SRR6995997,63,1588,86771,1.8,88359,CHH,NB3,control
SRR6995997,64,1593,85370,1.83,86963,CHH,NB3,control
SRR6995997,65,1538,84079,1.8,85617,CHH,NB3,control
SRR6995997,66,1605,85159,1.85,86764,CHH,NB3,control
SRR6995997,67,1620,84971,1.87,86591,CHH,NB3,control
SRR6995997,68,1621,83050,1.91,84671,CHH,NB3,control
SRR6995997,69,1533,84025,1.79,85558,CHH,NB3,control
SRR6995997,70,1573,83726,1.84,85299,CHH,NB3,control
SRR6995997,71,1524,81952,1.83,83476,CHH,NB3,control
SRR6995997,72,1477,82788,1.75,84265,CHH,NB3,control
SRR6995997,73,1572,81638,1.89,83210,CHH,NB3,control
SRR6995997,74,1480,80346,1.81,81826,CHH,NB3,control
SRR6995997,75,1578,80409,1.92,81987,CHH,NB3,control
SRR6995997,76,1515,80166,1.85,81681,CHH,NB3,control
SRR6995997,77,1574,78596,1.96,80170,CHH,NB3,control
SRR6995997,78,1447,78206,1.82,79653,CHH,NB3,control
SRR6995997,79,1493,77513,1.89,79006,CHH,NB3,control
SRR6995997,80,1534,75569,1.99,77103,CHH,NB3,control
SRR6995997,81,1480,75994,1.91,77474,CHH,NB3,control
SRR6995997,82,1515,74948,1.98,76463,CHH,NB3,control
SRR6995997,83,1498,73241,2,74739,CHH,NB3,control
SRR6995997,84,1376,72731,1.86,74107,CHH,NB3,control
SRR6995997,85,1362,71517,1.87,72879,CHH,NB3,control
SRR6995997,86,1390,69359,1.96,70749,CHH,NB3,control
SRR6995997,87,1233,67076,1.81,68309,CHH,NB3,control
SRR6995997,88,1051,60951,1.7,62002,CHH,NB3,control
SRR6995997,89,325,19311,1.66,19636,CHH,NB3,control
SRR6995998,1,40844,93854,30.32,134698,CpG,NB6,control
SRR6995998,2,40536,91769,30.64,132305,CpG,NB6,control
SRR6995998,3,42398,91175,31.74,133573,CpG,NB6,control
SRR6995998,4,46771,96142,32.73,142913,CpG,NB6,control
SRR6995998,5,44970,102008,30.6,146978,CpG,NB6,control
SRR6995998,6,45886,91957,33.29,137843,CpG,NB6,control
SRR6995998,7,46841,93340,33.41,140181,CpG,NB6,control
SRR6995998,8,47860,91132,34.43,138992,CpG,NB6,control
SRR6995998,9,57992,88805,39.5,146797,CpG,NB6,control
SRR6995998,10,48347,90933,34.71,139280,CpG,NB6,control
SRR6995998,11,47139,90238,34.31,137377,CpG,NB6,control
SRR6995998,12,46778,92700,33.54,139478,CpG,NB6,control
SRR6995998,13,48181,106168,31.22,154349,CpG,NB6,control
SRR6995998,14,47138,93621,33.49,140759,CpG,NB6,control
SRR6995998,15,48715,96127,33.63,144842,CpG,NB6,control
SRR6995998,16,51142,109950,31.75,161092,CpG,NB6,control
SRR6995998,17,49098,95996,33.84,145094,CpG,NB6,control
SRR6995998,18,50075,96892,34.07,146967,CpG,NB6,control
SRR6995998,19,51381,99418,34.07,150799,CpG,NB6,control
SRR6995998,20,50711,96253,34.51,146964,CpG,NB6,control
SRR6995998,21,49960,95063,34.45,145023,CpG,NB6,control
SRR6995998,22,51119,98353,34.2,149472,CpG,NB6,control
SRR6995998,23,50908,99720,33.8,150628,CpG,NB6,control
SRR6995998,24,51493,97800,34.49,149293,CpG,NB6,control
SRR6995998,25,52165,101197,34.01,153362,CpG,NB6,control
SRR6995998,26,50914,99946,33.75,150860,CpG,NB6,control
SRR6995998,27,51697,99998,34.08,151695,CpG,NB6,control
SRR6995998,28,52992,101693,34.26,154685,CpG,NB6,control
SRR6995998,29,51313,99122,34.11,150435,CpG,NB6,control
SRR6995998,30,51357,99406,34.06,150763,CpG,NB6,control
SRR6995998,31,52404,101255,34.1,153659,CpG,NB6,control
SRR6995998,32,50587,100025,33.59,150612,CpG,NB6,control
SRR6995998,33,50652,97129,34.28,147781,CpG,NB6,control
SRR6995998,34,52171,100164,34.25,152335,CpG,NB6,control
SRR6995998,35,51142,99601,33.93,150743,CpG,NB6,control
SRR6995998,36,51471,98955,34.22,150426,CpG,NB6,control
SRR6995998,37,51924,100636,34.04,152560,CpG,NB6,control
SRR6995998,38,50456,99658,33.61,150114,CpG,NB6,control
SRR6995998,39,51316,99242,34.08,150558,CpG,NB6,control
SRR6995998,40,51937,100722,34.02,152659,CpG,NB6,control
SRR6995998,41,50690,99843,33.67,150533,CpG,NB6,control
SRR6995998,42,50697,97628,34.18,148325,CpG,NB6,control
SRR6995998,43,51460,100026,33.97,151486,CpG,NB6,control
SRR6995998,44,50290,99231,33.63,149521,CpG,NB6,control
SRR6995998,45,49292,97957,33.48,147249,CpG,NB6,control
SRR6995998,46,50596,99908,33.62,150504,CpG,NB6,control
SRR6995998,47,49767,98498,33.57,148265,CpG,NB6,control
SRR6995998,48,49689,97924,33.66,147613,CpG,NB6,control
SRR6995998,49,49880,99759,33.33,149639,CpG,NB6,control
SRR6995998,50,48894,97798,33.33,146692,CpG,NB6,control
SRR6995998,51,48476,97037,33.31,145513,CpG,NB6,control
SRR6995998,52,48842,97821,33.3,146663,CpG,NB6,control
SRR6995998,53,48146,97551,33.05,145697,CpG,NB6,control
SRR6995998,54,47954,97620,32.94,145574,CpG,NB6,control
SRR6995998,55,48822,97038,33.47,145860,CpG,NB6,control
SRR6995998,56,47548,95189,33.31,142737,CpG,NB6,control
SRR6995998,57,47625,95079,33.37,142704,CpG,NB6,control
SRR6995998,58,48179,96372,33.33,144551,CpG,NB6,control
SRR6995998,59,47327,95078,33.23,142405,CpG,NB6,control
SRR6995998,60,46925,96275,32.77,143200,CpG,NB6,control
SRR6995998,61,47050,97216,32.61,144266,CpG,NB6,control
SRR6995998,62,46029,94946,32.65,140975,CpG,NB6,control
SRR6995998,63,45950,94058,32.82,140008,CpG,NB6,control
SRR6995998,64,45871,94897,32.59,140768,CpG,NB6,control
SRR6995998,65,45350,94807,32.36,140157,CpG,NB6,control
SRR6995998,66,45648,92981,32.93,138629,CpG,NB6,control
SRR6995998,67,45324,95561,32.17,140885,CpG,NB6,control
SRR6995998,68,44963,93322,32.51,138285,CpG,NB6,control
SRR6995998,69,44328,93170,32.24,137498,CpG,NB6,control
SRR6995998,70,44669,94607,32.07,139276,CpG,NB6,control
SRR6995998,71,44043,92205,32.33,136248,CpG,NB6,control
SRR6995998,72,43470,91408,32.23,134878,CpG,NB6,control
SRR6995998,73,43574,92101,32.12,135675,CpG,NB6,control
SRR6995998,74,43129,91395,32.06,134524,CpG,NB6,control
SRR6995998,75,42159,89475,32.03,131634,CpG,NB6,control
SRR6995998,76,41811,89452,31.85,131263,CpG,NB6,control
SRR6995998,77,40834,89139,31.42,129973,CpG,NB6,control
SRR6995998,78,41051,88756,31.62,129807,CpG,NB6,control
SRR6995998,79,41127,89823,31.41,130950,CpG,NB6,control
SRR6995998,80,39974,88573,31.1,128547,CpG,NB6,control
SRR6995998,81,39746,88344,31.03,128090,CpG,NB6,control
SRR6995998,82,39574,87034,31.26,126608,CpG,NB6,control
SRR6995998,83,38222,85945,30.78,124167,CpG,NB6,control
SRR6995998,84,37200,84797,30.49,121997,CpG,NB6,control
SRR6995998,85,37276,84276,30.67,121552,CpG,NB6,control
SRR6995998,86,35595,82304,30.19,117899,CpG,NB6,control
SRR6995998,87,34370,80683,29.87,115053,CpG,NB6,control
SRR6995998,88,31341,79460,28.29,110801,CpG,NB6,control
SRR6995998,89,8716,21731,28.63,30447,CpG,NB6,control
SRR6995998,1,5666,175084,3.13,180750,CHG,NB6,control
SRR6995998,2,4113,181419,2.22,185532,CHG,NB6,control
SRR6995998,3,3415,181624,1.85,185039,CHG,NB6,control
SRR6995998,4,3720,171626,2.12,175346,CHG,NB6,control
SRR6995998,5,3965,179815,2.16,183780,CHG,NB6,control
SRR6995998,6,3409,191573,1.75,194982,CHG,NB6,control
SRR6995998,7,2950,174120,1.67,177070,CHG,NB6,control
SRR6995998,8,3442,175067,1.93,178509,CHG,NB6,control
SRR6995998,9,4218,175977,2.34,180195,CHG,NB6,control
SRR6995998,10,17719,176634,9.12,194353,CHG,NB6,control
SRR6995998,11,3260,180596,1.77,183856,CHG,NB6,control
SRR6995998,12,1615,181963,0.88,183578,CHG,NB6,control
SRR6995998,13,1569,179898,0.86,181467,CHG,NB6,control
SRR6995998,14,1596,196548,0.81,198144,CHG,NB6,control
SRR6995998,15,1592,183005,0.86,184597,CHG,NB6,control
SRR6995998,16,1625,180708,0.89,182333,CHG,NB6,control
SRR6995998,17,1651,183853,0.89,185504,CHG,NB6,control
SRR6995998,18,1510,184453,0.81,185963,CHG,NB6,control
SRR6995998,19,1879,181546,1.02,183425,CHG,NB6,control
SRR6995998,20,1638,187701,0.87,189339,CHG,NB6,control
SRR6995998,21,1683,187043,0.89,188726,CHG,NB6,control
SRR6995998,22,1722,197074,0.87,198796,CHG,NB6,control
SRR6995998,23,1710,188740,0.9,190450,CHG,NB6,control
SRR6995998,24,1558,191295,0.81,192853,CHG,NB6,control
SRR6995998,25,1634,189208,0.86,190842,CHG,NB6,control
SRR6995998,26,1709,190785,0.89,192494,CHG,NB6,control
SRR6995998,27,2111,190418,1.1,192529,CHG,NB6,control
SRR6995998,28,1677,187106,0.89,188783,CHG,NB6,control
SRR6995998,29,1674,189740,0.87,191414,CHG,NB6,control
SRR6995998,30,1563,188151,0.82,189714,CHG,NB6,control
SRR6995998,31,1696,186395,0.9,188091,CHG,NB6,control
SRR6995998,32,1653,190701,0.86,192354,CHG,NB6,control
SRR6995998,33,1526,191111,0.79,192637,CHG,NB6,control
SRR6995998,34,1665,186677,0.88,188342,CHG,NB6,control
SRR6995998,35,1790,191780,0.92,193570,CHG,NB6,control
SRR6995998,36,1530,192632,0.79,194162,CHG,NB6,control
SRR6995998,37,1666,186765,0.88,188431,CHG,NB6,control
SRR6995998,38,1647,189276,0.86,190923,CHG,NB6,control
SRR6995998,39,1628,189689,0.85,191317,CHG,NB6,control
SRR6995998,40,1635,187513,0.86,189148,CHG,NB6,control
SRR6995998,41,1542,187392,0.82,188934,CHG,NB6,control
SRR6995998,42,1536,185948,0.82,187484,CHG,NB6,control
SRR6995998,43,1536,184687,0.82,186223,CHG,NB6,control
SRR6995998,44,1620,186071,0.86,187691,CHG,NB6,control
SRR6995998,45,1480,186000,0.79,187480,CHG,NB6,control
SRR6995998,46,1606,183546,0.87,185152,CHG,NB6,control
SRR6995998,47,1557,186783,0.83,188340,CHG,NB6,control
SRR6995998,48,1550,187307,0.82,188857,CHG,NB6,control
SRR6995998,49,1627,182592,0.88,184219,CHG,NB6,control
SRR6995998,50,1621,186194,0.86,187815,CHG,NB6,control
SRR6995998,51,1524,185242,0.82,186766,CHG,NB6,control
SRR6995998,52,1607,182191,0.87,183798,CHG,NB6,control
SRR6995998,53,1562,184536,0.84,186098,CHG,NB6,control
SRR6995998,54,1506,183335,0.81,184841,CHG,NB6,control
SRR6995998,55,1577,181751,0.86,183328,CHG,NB6,control
SRR6995998,56,1591,184280,0.86,185871,CHG,NB6,control
SRR6995998,57,1527,181211,0.84,182738,CHG,NB6,control
SRR6995998,58,1480,178073,0.82,179553,CHG,NB6,control
SRR6995998,59,1645,181923,0.9,183568,CHG,NB6,control
SRR6995998,60,1627,179817,0.9,181444,CHG,NB6,control
SRR6995998,61,1579,178159,0.88,179738,CHG,NB6,control
SRR6995998,62,1665,180541,0.91,182206,CHG,NB6,control
SRR6995998,63,1670,179538,0.92,181208,CHG,NB6,control
SRR6995998,64,1592,178494,0.88,180086,CHG,NB6,control
SRR6995998,65,1659,178792,0.92,180451,CHG,NB6,control
SRR6995998,66,1632,178754,0.9,180386,CHG,NB6,control
SRR6995998,67,1658,175761,0.93,177419,CHG,NB6,control
SRR6995998,68,1636,175250,0.92,176886,CHG,NB6,control
SRR6995998,69,1619,173306,0.93,174925,CHG,NB6,control
SRR6995998,70,1665,172794,0.95,174459,CHG,NB6,control
SRR6995998,71,1685,174458,0.96,176143,CHG,NB6,control
SRR6995998,72,1636,172832,0.94,174468,CHG,NB6,control
SRR6995998,73,1616,170662,0.94,172278,CHG,NB6,control
SRR6995998,74,1712,173256,0.98,174968,CHG,NB6,control
SRR6995998,75,1630,171854,0.94,173484,CHG,NB6,control
SRR6995998,76,1705,167881,1.01,169586,CHG,NB6,control
SRR6995998,77,1716,167601,1.01,169317,CHG,NB6,control
SRR6995998,78,1619,166140,0.97,167759,CHG,NB6,control
SRR6995998,79,1778,162882,1.08,164660,CHG,NB6,control
SRR6995998,80,1811,163528,1.1,165339,CHG,NB6,control
SRR6995998,81,1722,162218,1.05,163940,CHG,NB6,control
SRR6995998,82,1760,160908,1.08,162668,CHG,NB6,control
SRR6995998,83,1728,161065,1.06,162793,CHG,NB6,control
SRR6995998,84,1569,158107,0.98,159676,CHG,NB6,control
SRR6995998,85,1741,155066,1.11,156807,CHG,NB6,control
SRR6995998,86,1709,155383,1.09,157092,CHG,NB6,control
SRR6995998,87,1670,150935,1.09,152605,CHG,NB6,control
SRR6995998,88,1543,142771,1.07,144314,CHG,NB6,control
SRR6995998,89,384,38950,0.98,39334,CHG,NB6,control
SRR6995998,1,6716,432702,1.53,439418,CHH,NB6,control
SRR6995998,2,6713,425834,1.55,432547,CHH,NB6,control
SRR6995998,3,5410,437427,1.22,442837,CHH,NB6,control
SRR6995998,4,7201,429299,1.65,436500,CHH,NB6,control
SRR6995998,5,7469,439666,1.67,447135,CHH,NB6,control
SRR6995998,6,6853,444775,1.52,451628,CHH,NB6,control
SRR6995998,7,5865,459733,1.26,465598,CHH,NB6,control
SRR6995998,8,5113,438741,1.15,443854,CHH,NB6,control
SRR6995998,9,8896,438448,1.99,447344,CHH,NB6,control
SRR6995998,10,8516,434670,1.92,443186,CHH,NB6,control
SRR6995998,11,17472,429159,3.91,446631,CHH,NB6,control
SRR6995998,12,3436,440672,0.77,444108,CHH,NB6,control
SRR6995998,13,3220,439534,0.73,442754,CHH,NB6,control
SRR6995998,14,3019,427674,0.7,430693,CHH,NB6,control
SRR6995998,15,3226,430371,0.74,433597,CHH,NB6,control
SRR6995998,16,3157,430591,0.73,433748,CHH,NB6,control
SRR6995998,17,3124,426105,0.73,429229,CHH,NB6,control
SRR6995998,18,3049,441886,0.69,444935,CHH,NB6,control
SRR6995998,19,3623,424565,0.85,428188,CHH,NB6,control
SRR6995998,20,2993,421047,0.71,424040,CHH,NB6,control
SRR6995998,21,3144,423250,0.74,426394,CHH,NB6,control
SRR6995998,22,3316,428726,0.77,432042,CHH,NB6,control
SRR6995998,23,2899,430674,0.67,433573,CHH,NB6,control
SRR6995998,24,3135,437221,0.71,440356,CHH,NB6,control
SRR6995998,25,3000,437854,0.68,440854,CHH,NB6,control
SRR6995998,26,3195,430859,0.74,434054,CHH,NB6,control
SRR6995998,27,4254,430664,0.98,434918,CHH,NB6,control
SRR6995998,28,3152,431480,0.73,434632,CHH,NB6,control
SRR6995998,29,3127,425835,0.73,428962,CHH,NB6,control
SRR6995998,30,2884,422851,0.68,425735,CHH,NB6,control
SRR6995998,31,3083,423436,0.72,426519,CHH,NB6,control
SRR6995998,32,2851,420922,0.67,423773,CHH,NB6,control
SRR6995998,33,2930,423205,0.69,426135,CHH,NB6,control
SRR6995998,34,3004,425631,0.7,428635,CHH,NB6,control
SRR6995998,35,3242,419983,0.77,423225,CHH,NB6,control
SRR6995998,36,2889,420771,0.68,423660,CHH,NB6,control
SRR6995998,37,3016,416366,0.72,419382,CHH,NB6,control
SRR6995998,38,2970,413049,0.71,416019,CHH,NB6,control
SRR6995998,39,3098,422368,0.73,425466,CHH,NB6,control
SRR6995998,40,3001,426029,0.7,429030,CHH,NB6,control
SRR6995998,41,2959,423744,0.69,426703,CHH,NB6,control
SRR6995998,42,3061,427474,0.71,430535,CHH,NB6,control
SRR6995998,43,3016,428545,0.7,431561,CHH,NB6,control
SRR6995998,44,3029,421576,0.71,424605,CHH,NB6,control
SRR6995998,45,2950,420184,0.7,423134,CHH,NB6,control
SRR6995998,46,3145,419110,0.74,422255,CHH,NB6,control
SRR6995998,47,3045,411159,0.74,414204,CHH,NB6,control
SRR6995998,48,3197,417927,0.76,421124,CHH,NB6,control
SRR6995998,49,3325,417533,0.79,420858,CHH,NB6,control
SRR6995998,50,3176,414025,0.76,417201,CHH,NB6,control
SRR6995998,51,3208,422446,0.75,425654,CHH,NB6,control
SRR6995998,52,3529,418298,0.84,421827,CHH,NB6,control
SRR6995998,53,3352,413929,0.8,417281,CHH,NB6,control
SRR6995998,54,3324,420154,0.78,423478,CHH,NB6,control
SRR6995998,55,3348,415717,0.8,419065,CHH,NB6,control
SRR6995998,56,3489,411599,0.84,415088,CHH,NB6,control
SRR6995998,57,3447,416232,0.82,419679,CHH,NB6,control
SRR6995998,58,3584,417239,0.85,420823,CHH,NB6,control
SRR6995998,59,3716,414990,0.89,418706,CHH,NB6,control
SRR6995998,60,3640,417248,0.86,420888,CHH,NB6,control
SRR6995998,61,3711,418048,0.88,421759,CHH,NB6,control
SRR6995998,62,3794,412707,0.91,416501,CHH,NB6,control
SRR6995998,63,3817,411064,0.92,414881,CHH,NB6,control
SRR6995998,64,3846,409816,0.93,413662,CHH,NB6,control
SRR6995998,65,3878,407914,0.94,411792,CHH,NB6,control
SRR6995998,66,3916,408541,0.95,412457,CHH,NB6,control
SRR6995998,67,4043,408107,0.98,412150,CHH,NB6,control
SRR6995998,68,3964,403374,0.97,407338,CHH,NB6,control
SRR6995998,69,4013,402807,0.99,406820,CHH,NB6,control
SRR6995998,70,4119,406695,1,410814,CHH,NB6,control
SRR6995998,71,4186,401767,1.03,405953,CHH,NB6,control
SRR6995998,72,4123,403119,1.01,407242,CHH,NB6,control
SRR6995998,73,4238,404423,1.04,408661,CHH,NB6,control
SRR6995998,74,4341,398739,1.08,403080,CHH,NB6,control
SRR6995998,75,4364,400070,1.08,404434,CHH,NB6,control
SRR6995998,76,4369,399740,1.08,404109,CHH,NB6,control
SRR6995998,77,4246,395533,1.06,399779,CHH,NB6,control
SRR6995998,78,4274,393991,1.07,398265,CHH,NB6,control
SRR6995998,79,4308,389279,1.09,393587,CHH,NB6,control
SRR6995998,80,4309,382560,1.11,386869,CHH,NB6,control
SRR6995998,81,4380,382186,1.13,386566,CHH,NB6,control
SRR6995998,82,4428,379499,1.15,383927,CHH,NB6,control
SRR6995998,83,4305,374406,1.14,378711,CHH,NB6,control
SRR6995998,84,4457,374982,1.17,379439,CHH,NB6,control
SRR6995998,85,4370,373205,1.16,377575,CHH,NB6,control
SRR6995998,86,4446,367577,1.2,372023,CHH,NB6,control
SRR6995998,87,4282,363832,1.16,368114,CHH,NB6,control
SRR6995998,88,3867,350166,1.09,354033,CHH,NB6,control
SRR6995998,89,1509,99147,1.5,100656,CHH,NB6,control
